1101,台泥,水泥工業,傳產–水泥,36922,1,0,0
1102,亞泥,水泥工業,傳產–水泥,32309,1,0,0
1103,嘉泥,水泥工業,傳產–水泥,7768,0,0,0
1104,環泥,水泥工業,傳產–水泥,6039,0,0,0
1108,幸福,水泥工業,傳產–水泥,4047,0,0,0
1109,信大,水泥工業,傳產–水泥,4210,0,0,0
1110,東泥,水泥工業,傳產–水泥,5720,0,0,0
1201,味全,食品工業,傳產–食品業,5061,0,0,0
1203,味王,食品工業,傳產–食品業,2400,0,0,0
1210,大成,食品工業,傳產–食品業,5712,0,0,0
1213,大飲,食品工業,傳產–食品業,515,0,0,0
1215,卜蜂,食品工業,傳產–食品業,2320,0,0,0
1216,統一,食品工業,傳產–食品業,48625,1,0,0
1217,愛之味,食品工業,傳產–食品業,4977,0,0,0
1218,泰山,食品工業,傳產–食品業,3533,0,0,0
1219,福壽,食品工業,傳產–食品業,3070,0,0,0
1220,台榮,食品工業,傳產–食品業,1771,0,0,0
1225,福懋油,食品工業,傳產–食品業,1874,0,0,0
1227,佳格,食品工業,傳產–食品業,5749,0,1,1
1229,聯華,食品工業,傳產–食品業,8489,0,0,0
1231,聯華食,食品工業,傳產–食品業,1224,0,0,0
1232,大統益,食品工業,傳產–食品業,1600,0,0,0
1233,天仁,食品工業,傳產–食品業,906,0,0,0
1234,黑松,食品工業,傳產–食品業,5358,0,1,0
1235,興泰,食品工業,傳產–食品業,562,0,0,0
1236,宏亞,食品工業,傳產–食品業,1083,0,0,0
1258,F-其祥,食品工業,傳產–食品業,340,0,0,0
1259,安心,觀光事業,傳產–觀光,324,0,0,0
1301,台塑,塑膠工業,傳產–塑膠,61209,1,0,1
1303,南亞,塑膠工業,傳產–塑膠,78523,1,0,0
1304,台聚,塑膠工業,傳產–塑膠,11426,0,1,1
1305,華夏,塑膠工業,傳產–塑膠,4248,0,0,0
1307,三芳,塑膠工業,傳產–塑膠,3535,0,0,0
1308,亞聚,塑膠工業,傳產–塑膠,4697,0,0,1
1309,台達化,塑膠工業,傳產–塑膠,3277,0,0,0
1310,台苯,塑膠工業,傳產–塑膠,5803,0,0,0
1312,國喬,塑膠工業,傳產–塑膠,9266,0,0,0
1313,聯成,塑膠工業,傳產–塑膠,11265,0,0,0
1314,中石化,塑膠工業,傳產–塑膠,23200,0,1,0
1315,達新,塑膠工業,傳產–塑膠,2200,0,0,0
1316,上曜,塑膠工業,傳產–塑膠,668,0,0,0
1319,東陽,塑膠工業,傳產–汽車零組件,5771,0,0,1
1321,大洋,塑膠工業,傳產–塑膠,2272,0,0,0
1323,永裕,塑膠工業,傳產–塑膠,828,0,0,0
1324,地球,塑膠工業,傳產–塑膠,751,0,0,0
1325,恆大,塑膠工業,傳產–塑膠,1007,0,0,0
1326,台化,塑膠工業,傳產–塑膠,56905,1,0,0
1333,恩得利,電子–電子零組件,電子上游–連接元件,1025,0,0,0
1336,台翰,電子–電子零組件,電子中游–NB與手機零組件,643,0,0,0
1337,F-再生,塑膠工業,傳產–塑膠,1753,0,0,0
1339,昭輝,塑膠工業,傳產–塑膠,659,0,0,0
1402,遠東新,紡織纖維,傳產–紡織纖維,50441,1,0,0
1409,新纖,紡織纖維,傳產–紡織纖維,17605,0,0,0
1410,南染,紡織纖維,傳產–紡織纖維,900,0,0,0
1413,宏洲,紡織纖維,傳產–紡織纖維,1702,0,0,0
1414,東和,紡織纖維,傳產–紡織纖維,2200,0,0,0
1416,廣豐,紡織纖維,傳產–紡織纖維,3848,0,0,0
1417,嘉裕,紡織纖維,傳產–紡織纖維,3799,0,0,0
1418,東華,紡織纖維,傳產–紡織纖維,1319,0,0,0
1419,新紡,紡織纖維,傳產–紡織纖維,3000,0,0,0
1423,利華,紡織纖維,傳產–紡織纖維,1750,0,0,0
1432,大魯閣,紡織纖維,傳產–紡織纖維,886,0,0,0
1434,福懋,紡織纖維,傳產–紡織纖維,16847,0,1,0
1435,中福,其他,傳產–其他,1398,0,0,0
1436,福益,建材營建,傳產–營建,600,0,0,0
1437,勤益,電子–半導體,電子上游–IC封測,2040,0,0,0
1438,裕豐,紡織纖維,傳產–紡織纖維,1024,0,0,0
1439,中和,紡織纖維,傳產–紡織纖維,920,0,0,0
1440,南紡,紡織纖維,傳產–紡織纖維,15691,0,1,0
1441,大東,紡織纖維,傳產–紡織纖維,900,0,0,0
1442,名軒,建材營建,傳產–營建,2063,0,0,0
1443,立益,紡織纖維,傳產–紡織纖維,1353,0,0,0
1444,力麗,紡織纖維,傳產–紡織纖維,9117,0,0,0
1445,大宇,紡織纖維,傳產–紡織纖維,1387,0,0,0
1446,宏和,紡織纖維,傳產–紡織纖維,1386,0,0,0
1447,力鵬,紡織纖維,傳產–紡織纖維,7541,0,0,0
1449,佳和,紡織纖維,傳產–紡織纖維,1872,0,0,0
1451,年興,紡織纖維,傳產–紡織纖維,4331,0,0,0
1452,宏益,紡織纖維,傳產–紡織纖維,1326,0,0,0
1453,大將,紡織纖維,傳產–紡織纖維,774,0,0,0
1454,台富,紡織纖維,傳產–紡織纖維,1403,0,0,0
1455,集盛,紡織纖維,傳產–紡織纖維,6057,0,0,0
1456,怡華,紡織纖維,傳產–紡織纖維,4075,0,0,0
1457,宜進,紡織纖維,傳產–紡織纖維,3179,0,0,0
1459,聯發,紡織纖維,傳產–紡織纖維,3586,0,0,0
1460,宏遠,紡織纖維,傳產–紡織纖維,4712,0,0,0
1463,強盛,紡織纖維,傳產–紡織纖維,1884,0,0,0
1464,得力,紡織纖維,傳產–紡織纖維,2169,0,0,0
1465,偉全,紡織纖維,傳產–紡織纖維,863,0,0,0
1466,聚隆,紡織纖維,傳產–紡織纖維,953,0,0,0
1467,南緯,紡織纖維,傳產–紡織纖維,1682,0,0,0
1468,昶和,紡織纖維,傳產–紡織纖維,1604,0,0,0
1469,理隆,紡織纖維,傳產–紡織纖維,1246,0,0,0
1470,大統染,紡織纖維,傳產–紡織纖維,858,0,0,0
1471,首利,電子–電子零組件,電子中游–電源供應器,2015,0,0,0
1472,三洋紡,紡織纖維,傳產–紡織纖維,667,0,0,0
1473,台南,紡織纖維,傳產–紡織纖維,1468,0,0,0
1474,弘裕,紡織纖維,傳產–紡織纖維,1379,0,0,0
1475,本盟,紡織纖維,傳產–紡織纖維,525,0,0,0
1476,儒鴻,紡織纖維,傳產–紡織纖維,2460,0,1,0
1477,聚陽,紡織纖維,傳產–紡織纖維,1654,0,0,0
1503,士電,電機機械,傳產–電機,5210,0,0,0
1504,東元,電機機械,傳產–電機,18487,0,1,0
1506,正道,電機機械,傳產–汽車零組件,1223,0,0,0
1507,永大,電機機械,傳產–電機,4108,0,1,1
1512,瑞利,電機機械,傳產–汽車零組件,1818,0,0,0
1513,中興電,電機機械,傳產–電機,4800,0,0,0
1514,亞力,電機機械,傳產–電機,2011,0,0,0
1515,力山,電機機械,傳產–電機,1815,0,0,0
1516,川飛,電機機械,傳產–電機,183,0,0,0
1517,利奇,電機機械,傳產–電機,2278,0,0,0
1519,華城,電機機械,傳產–電機,2611,0,0,0
1521,大億,電機機械,傳產–汽車零組件,762,0,0,0
1522,堤維西,電機機械,傳產–汽車零組件,3143,0,0,0
1524,耿鼎,電機機械,傳產–汽車零組件,1624,0,0,0
1525,江申,電機機械,傳產–汽車零組件,692,0,0,0
1526,日馳,電機機械,傳產–電機,500,0,0,0
1527,鑽全,電機機械,傳產–電機,1533,0,0,0
1528,恩德,電機機械,傳產–電機,1470,0,0,0
1529,樂士,電機機械,傳產–電機,2497,0,0,0
1530,亞崴,電機機械,傳產–電機,950,0,0,0
1531,高林股,電機機械,傳產–電機,1932,0,0,0
1532,勤美,鋼鐵工業,傳產–鋼鐵,3784,0,0,0
1533,車王電,電機機械,傳產–電機,964,0,0,0
1535,中宇,電機機械,傳產–電機,1161,0,0,0
1536,和大,電機機械,傳產–汽車零組件,2003,0,0,0
1537,廣隆,電機機械,傳產–汽車零組件,816,0,0,0
1538,正峰新,電機機械,傳產–電機,1639,0,0,0
1539,巨庭,電機機械,傳產–電機,654,0,0,0
1540,喬福,電機機械,傳產–電機,855,0,0,0
1541,錩泰,電機機械,傳產–電機,788,0,0,0
1558,伸興,電機機械,傳產–電機,517,0,0,0
1560,中砂,電機機械,傳產–電機,1410,0,0,0
1565,精華,生技醫療,傳產–生技,504,0,0,0
1566,捷邦,電機機械,傳產–電機,420,0,0,0
1569,濱川,電子–電腦及週邊設備,電子上游–IC通路,790,0,0,0
1570,力肯,電機機械,傳產–電機,515,0,0,0
1580,新麥,電機機械,傳產–其他,427,0,0,0
1582,信錦,電子–電子零組件,電子上游–連接元件,1421,0,0,0
1583,程泰,電機機械,傳產–電機,976,0,0,0
1584,精剛,其他,傳產–其他,835,0,0,0
1586,和勤,電機機械,電子中游–其他,466,0,0,0
1589,F-永冠,電機機械,傳產–電機,1009,0,0,0
1590,F-亞德,電機機械,傳產–電機,1500,0,1,0
1591,F-駿吉,電機機械,傳產–電機,204,0,0,0
1593,祺驊,生技醫療,傳產–生技,246,0,0,0
1595,川寶,電子–電子零組件,電子上游–PCB材料設備,387,0,0,0
1603,華電,電器電纜,傳產–電線電纜,3423,0,0,0
1604,聲寶,電器電纜,電子下游–消費電子,5841,0,0,0
1605,華新,電器電纜,傳產–電線電纜,36160,0,1,0
1608,華榮,電器電纜,傳產–電線電纜,6328,0,0,0
1609,大亞,電器電纜,傳產–電線電纜,5802,0,0,0
1611,中電,電器電纜,傳產–電機,3984,0,0,0
1612,宏泰,電器電纜,傳產–電線電纜,3242,0,0,0
1613,台一,電器電纜,傳產–電線電纜,2275,0,0,0
1614,三洋電,電器電纜,傳產–電機,3166,0,0,0
1615,大山,電器電纜,傳產–電線電纜,1119,0,0,0
1616,億泰,電器電纜,傳產–電線電纜,1941,0,0,0
1617,榮星,電器電纜,傳產–電線電纜,1442,0,0,0
1618,合機,電器電纜,傳產–電線電纜,2409,0,0,0
1701,中化,生技醫療,傳產–生技,2981,0,0,0
1702,南僑,食品工業,傳產–食品業,2941,0,0,0
1704,榮化,化學工業,傳產–化學工業,8532,0,1,0
1707,葡萄王,生技醫療,傳產–生技,1302,0,0,0
1708,東鹼,化學工業,傳產–化學工業,1578,0,0,0
1709,和益,化學工業,傳產–化學工業,4299,0,0,0
1710,東聯,化學工業,傳產–塑膠,8857,0,1,1
1711,永光,化學工業,傳產–化學工業,4506,0,0,0
1712,興農,化學工業,傳產–生技,3337,0,0,0
1713,國化,化學工業,傳產–化學工業,1510,0,0,0
1714,和桐,化學工業,傳產–化學工業,8695,0,0,0
1715,亞化,塑膠工業,傳產–化學工業,3234,0,0,0
1717,長興,化學工業,傳產–化學工業,9924,0,1,0
1718,中纖,化學工業,傳產–塑膠,14106,0,0,0
1720,生達,生技醫療,傳產–生技,1684,0,0,1
1721,三晃,化學工業,傳產–化學工業,837,0,0,0
1722,台肥,化學工業,傳產–化學工業,9800,1,0,0
1723,中碳,化學工業,傳產–化學工業,2369,0,1,1
1724,台硝,化學工業,傳產–化學工業,1278,0,0,0
1725,元禎,化學工業,傳產–化學工業,1825,0,0,0
1726,永記,化學工業,傳產–化學工業,1620,0,0,0
1727,中華化,化學工業,傳產–化學工業,935,0,0,0
1729,必翔,生技醫療,傳產–生技,1874,0,0,0
1730,花仙子,化學工業,傳產–化學工業,535,0,0,0
1731,美吾華,生技醫療,傳產–生技,1329,0,0,0
1732,毛寶,化學工業,傳產–化學工業,424,0,0,0
1733,五鼎,生技醫療,傳產–生技,985,0,0,0
1734,杏輝,生技醫療,傳產–生技,1493,0,0,0
1735,日勝化,化學工業,傳產–塑膠,1024,0,0,0
1736,喬山,生技醫療,傳產–生技,2004,0,0,0
1737,臺鹽,化學工業,傳產–生技,2781,0,0,0
1742,台蠟,化學工業,傳產–化學工業,647,0,0,0
1752,南光,生技醫療,傳產–生技,648,0,0,0
1762,中化生,生技醫療,傳產–生技,776,0,0,0
1773,勝一,化學工業,傳產–化學工業,1335,0,0,0
1777,生泰,生技醫療,傳產–生技,250,0,0,0
1781,合世,生技醫療,傳產–生技,445,0,0,0
1784,訊聯,生技醫療,傳產–生技,502,0,0,0
1785,光洋科,電子–其他電子,電子下游–光碟片,4086,0,0,0
1787,福盈科,化學工業,傳產–化學工業,698,0,0,0
1788,杏昌,生技醫療,傳產–生技,350,0,0,0
1789,神隆,生技醫療,傳產–生技,6499,0,1,0
1795,美時,生技醫療,傳產–生技,571,0,0,0
1799,紅電醫,生技醫療,傳產–生技,318,0,0,0
1802,台玻,玻璃陶瓷,傳產–玻璃陶瓷,23781,0,1,0
1805,寶徠,建材營建,傳產–營建,803,0,0,0
1806,冠軍,玻璃陶瓷,傳產–玻璃陶瓷,4373,0,0,1
1808,潤隆,建材營建,傳產–營建,1445,0,0,0
1809,中釉,玻璃陶瓷,傳產–玻璃陶瓷,1898,0,0,0
1810,和成,玻璃陶瓷,傳產–玻璃陶瓷,3699,0,0,0
1813,寶利徠,生技醫療,傳產–生技,411,0,0,0
1815,富喬,電子–電子零組件,電子上游–PCB材料設備,3273,0,0,0
1902,台紙,造紙工業,傳產–紙業,4020,0,0,0
1903,士紙,造紙工業,傳產–紙業,2600,0,0,0
1904,正隆,造紙工業,傳產–紙業,10734,0,0,0
1905,華紙,造紙工業,傳產–紙業,12578,0,0,0
1906,寶隆,造紙工業,傳產–紙業,1510,0,0,0
1907,永豐餘,造紙工業,傳產–紙業,16604,0,1,0
1909,榮成,造紙工業,傳產–紙業,6871,0,0,0
2002,中鋼,鋼鐵工業,傳產–鋼鐵,153107,1,0,1
2006,東鋼,鋼鐵工業,傳產–鋼鐵,9916,0,1,0
2007,燁興,鋼鐵工業,傳產–鋼鐵,6307,0,0,0
2008,高興昌,鋼鐵工業,傳產–鋼鐵,4238,0,0,0
2009,第一銅,鋼鐵工業,傳產–鋼鐵,3596,0,0,0
2010,春源,鋼鐵工業,傳產–鋼鐵,6477,0,0,0
2012,春雨,鋼鐵工業,傳產–鋼鐵,2878,0,0,0
2013,中鋼構,鋼鐵工業,傳產–鋼鐵,2000,0,0,0
2014,中鴻,鋼鐵工業,傳產–鋼鐵,14355,0,0,0
2015,豐興,鋼鐵工業,傳產–鋼鐵,5816,0,1,1
2017,官田鋼,鋼鐵工業,傳產–鋼鐵,3881,0,0,0
2020,美亞,鋼鐵工業,傳產–鋼鐵,2655,0,0,0
2022,聚亨,鋼鐵工業,傳產–鋼鐵,4838,0,0,0
2023,燁輝,鋼鐵工業,傳產–鋼鐵,16353,0,0,0
2024,志聯,鋼鐵工業,傳產–鋼鐵,1096,0,0,0
2025,千興,鋼鐵工業,傳產–鋼鐵,3228,0,0,0
2027,大成鋼,鋼鐵工業,傳產–鋼鐵,7082,0,0,0
2028,威致,鋼鐵工業,傳產–鋼鐵,2650,0,0,0
2029,盛餘,鋼鐵工業,傳產–鋼鐵,3212,0,0,0
2030,彰源,鋼鐵工業,傳產–鋼鐵,2729,0,0,0
2031,新光鋼,鋼鐵工業,傳產–鋼鐵,2773,0,0,0
2032,新鋼,鋼鐵工業,傳產–鋼鐵,1305,0,0,0
2033,佳大,鋼鐵工業,傳產–鋼鐵,807,0,0,0
2034,允強,鋼鐵工業,傳產–鋼鐵,3701,0,0,0
2035,唐榮,鋼鐵工業,傳產–鋼鐵,3500,0,0,0
2038,海光,鋼鐵工業,傳產–鋼鐵,1820,0,0,0
2049,上銀,電機機械,傳產–電機,2464,0,1,0
2059,川湖,電子–電子零組件,電子中游–其他,923,0,0,0
2061,風青,電器電纜,傳產–電線電纜,416,0,0,0
2062,橋椿,其他,傳產–其他,1630,0,0,0
2063,世鎧,鋼鐵工業,傳產–鋼鐵,412,0,0,0
2101,南港,橡膠工業,傳產–橡膠,8789,0,1,0
2102,泰豐,橡膠工業,傳產–橡膠,4032,0,0,1
2103,台橡,橡膠工業,傳產–橡膠,7864,0,1,0
2104,中橡,橡膠工業,傳產–橡膠,5492,0,0,0
2105,正新,橡膠工業,傳產–橡膠,28186,1,0,0
2106,建大,橡膠工業,傳產–橡膠,7337,0,1,0
2107,厚生,橡膠工業,傳產–橡膠,4972,0,0,0
2108,南帝,橡膠工業,傳產–橡膠,3800,0,0,1
2109,華豐,橡膠工業,傳產–橡膠,3424,0,0,0
2114,鑫永銓,橡膠工業,傳產–橡膠,614,0,0,0
2201,裕隆,汽車工業,傳產–汽車,15729,1,0,0
2204,中華,汽車工業,傳產–汽車,13841,0,1,0
2206,三陽,汽車工業,傳產–汽車,8964,0,0,0
2207,和泰車,汽車工業,傳產–汽車,5462,1,0,0
2208,台船,航運業,傳產–航運業,7436,0,0,0
2221,大甲,其他,傳產–其他,424,0,0,0
2227,裕日車,汽車工業,傳產–汽車,3000,0,1,0
2231,為升,電機機械,傳產–電機,604,0,0,0
2233,宇隆,電機機械,傳產–汽車零組件,375,0,0,0
2301,光寶科,電子–電腦及週邊設備,電子中游–EMS,22953,1,0,0
2302,麗正,電子–半導體,電子上游–LED及光元件,1600,0,0,0
2303,聯電,電子–半導體,電子上游–IC代工,129518,1,0,0
2305,全友,電子–電腦及週邊設備,電子下游–掃描器,2057,0,0,0
2308,台達電,電子–電子零組件,電子中游–EMS,24212,1,0,0
2311,日月光,電子–半導體,電子上游–IC封測,76021,1,0,1
2312,金寶,電子–其他電子,電子中游–EMS,14582,0,0,0
2313,華通,電子–電子零組件,電子上游–PCB製造,11918,0,0,0
2314,台揚,電子–通信網路,電子中游–通訊設備,4130,0,0,0
2315,神達,電子–電腦及週邊設備,電子中游–EMS,15298,0,0,0
2316,楠梓電,電子–電子零組件,電子上游–PCB製造,3171,0,0,0
2317,鴻海,電子–其他電子,電子中游–EMS,118359,1,0,0
2321,東訊,電子–通信網路,電子中游–通訊設備,6306,0,0,0
2323,中環,電子–光電,電子下游–光碟片,27509,0,0,0
2324,仁寶,電子–電腦及週邊設備,電子中游–EMS,44125,1,0,0
2325,矽品,電子–半導體,電子上游–IC封測,31164,1,0,1
2327,國巨,電子–電子零組件,電子上游–被動元件,22053,0,1,0
2328,廣宇,電子–電子零組件,電子上游–連接元件,5094,0,0,0
2329,華泰,電子–半導體,電子上游–IC封測,8060,0,0,0
2330,台積電,電子–半導體,電子上游–IC代工,259220,1,0,1
2331,精英,電子–電腦及週邊設備,電子中游–主機板,11832,0,0,0
2332,友訊,電子–通信網路,電子中游–網通,6476,0,0,0
2337,旺宏,電子–半導體,電子上游–IC製造,35214,0,1,0
2338,光罩,電子–半導體,電子上游–IC其他,2627,0,0,0
2340,光磊,電子–光電,電子上游–LED及光元件,5457,0,0,0
2341,英群(下櫃),0,0,0,0,0,0
2342,茂矽,電子–半導體,電子上游–DRAM銷售,3722,0,0,0
2344,華邦電,電子–半導體,電子上游–IC製造,36851,0,1,0
2345,智邦,電子–通信網路,電子中游–網通,5237,0,0,0
2347,聯強,電子–電子通路,電子下游–資訊通路,15797,1,0,0
2348,力廣,電子–電子通路,電子下游–掃描器,176,0,0,0
2349,錸德,電子–光電,電子下游–光碟片,26472,0,0,0
2351,順德,電子–半導體,電子上游–IC其他,1802,0,0,0
2352,佳世達,電子–電腦及週邊設備,電子中游–EMS,19668,0,0,0
2353,宏,電子–電腦及週邊設備,電子下游–筆記型電腦,28347,1,0,0
2354,鴻準,電子–其他電子,電子中游–機殼,12370,1,0,0
2355,敬鵬,電子–電子零組件,電子上游–PCB製造,3975,0,0,0
2356,英業達,電子–電腦及週邊設備,電子下游–筆記型電腦,35875,0,1,0
2357,華碩,電子–電腦及週邊設備,電子下游–筆記型電腦,7528,1,0,0
2358,美格,電子–電腦及週邊設備,電子下游–顯示器,850,0,0,0
2359,所羅門,電子–電子通路,電子上游–IC通路,1881,0,0,0
2360,致茂,電子–其他電子,電子中游–儀器設備工程,3768,0,1,1
2361,鴻友,電子–電腦及週邊設備,電子下游–掃描器,725,0,0,0
2362,藍天,電子–電腦及週邊設備,電子下游–筆記型電腦,7010,0,1,0
2363,矽統,電子–半導體,電子上游–IC設計,6277,0,0,0
2364,倫飛,電子–電腦及週邊設備,電子下游–筆記型電腦,1902,0,0,0
2365,昆盈,電子–電腦及週邊設備,電子下游–掃描器,3051,0,0,0
2367,燿華,電子–電子零組件,電子上游–PCB製造,5790,0,0,0
2368,金像電,電子–電子零組件,電子上游–PCB製造,5649,0,0,0
2369,菱生,電子–半導體,電子上游–IC封測,3801,0,0,0
2371,大同,電子–其他電子,電子下游–消費電子,23395,0,0,0
2373,震旦行,電子–其他電子,電子下游–資訊通路,3374,0,0,0
2374,佳能,電子–光電,電子下游–數位相機,4471,0,0,0
2375,智寶,電子–電子零組件,電子上游–被動元件,1923,0,0,0
2376,技嘉,電子–電腦及週邊設備,電子中游–主機板,6254,0,0,0
2377,微星,電子–電腦及週邊設備,電子中游–主機板,8449,0,0,0
2379,瑞昱,電子–半導體,電子上游–IC設計,4988,0,1,1
2380,虹光,電子–電腦及週邊設備,電子下游–掃描器,2202,0,0,0
2381,華宇(下櫃),0,0,0,0,0,0
2382,廣達,電子–電腦及週邊設備,電子中游–EMS,38479,1,0,0
2383,台光電,電子–電子零組件,電子上游–PCB材料設備,3082,0,0,0
2384,勝華,電子–光電,電子中游–LCD–STN面板,18478,0,1,0
2385,群光,電子–電腦及週邊設備,電子下游–其他,6758,0,1,0
2387,精元,電子–電腦及週邊設備,電子中游–NB與手機零組件,3698,0,0,0
2388,威盛,電子–半導體,電子上游–IC設計,4933,0,0,0
2390,云辰,電子–其他電子,電子下游–安全監控,2153,0,0,0
2392,正崴,電子–電子零組件,電子上游–連接元件,4937,0,1,0
2393,億光,電子–光電,電子上游–LED及光元件,4192,0,0,0
2395,研華,電子–電腦及週邊設備,電子下游–工業電腦,5615,0,1,0
2397,友通,電子–電腦及週邊設備,電子中游–主機板,1148,0,0,0
2399,映泰,電子–電腦及週邊設備,電子中游–主機板,1781,0,0,0
2401,凌陽,電子–半導體,電子上游–IC設計,5969,0,0,0
2402,毅嘉,電子–通信網路,電子中游–NB與手機零組件,3321,0,0,0
2404,漢唐,電子–其他電子,電子中游–儀器設備工程,2382,0,0,0
2405,浩鑫,電子–電腦及週邊設備,電子中游–主機板,3401,0,0,0
2406,國碩,電子–光電,電子下游–光碟片,2920,0,0,0
2408,南科,電子–半導體,電子上游–IC-DRAM製造,186649,0,0,0
2409,友達,電子–光電,電子中游–LCD–TFT面板,88270,1,0,0
2412,中華電,電子–通信網路,電子下游–電信服務,77574,1,0,0
2413,環科,電子–電子零組件,電子中游–電源供應器,1274,0,0,0
2414,精技,電子–電子通路,電子下游–資訊通路,1617,0,0,0
2415,錩新,電子–電子零組件,電子中游–其他,857,0,0,0
2417,圓剛,電子–電腦及週邊設備,電子中游–PC介面卡,2069,0,0,0
2419,仲琦,電子–通信網路,電子中游–通訊設備,2097,0,0,0
2420,新巨,電子–電子零組件,電子中游–電源供應器,1526,0,0,0
2421,建準,電子–電子零組件,電子中游–電源供應器,2509,0,0,0
2423,固緯,電子–其他電子,電子中游–儀器設備工程,1167,0,0,0
2424,隴華,電子–電腦及週邊設備,電子中游–PC介面卡,300,0,0,0
2425,承啟,電子–半導體,電子中游–主機板,935,0,0,0
2426,鼎元,電子–光電,電子上游–LED及光元件,3610,0,0,0
2427,三商電,電子–資訊服務,軟體–系統整合,1903,0,0,0
2428,興勤,電子–電子零組件,電子上游–被動元件,1269,0,0,0
2429,銘旺科,電子–電子零組件,電子上游–PCB製造,1300,0,0,0
2430,燦坤,電子–電子通路,電子下游–資訊通路,1675,0,0,0
2431,聯昌,電子–電子零組件,電子中游–變壓器與UPS,1109,0,0,0
2433,互盛電,電子–其他電子,軟體–系統整合,1445,0,0,0
2434,統懋,電子–半導體,電子上游–LED及光元件,1348,0,0,0
2436,偉詮電,電子–半導體,電子上游–IC設計,2460,0,0,0
2437,旺詮,電子–電子零組件,電子上游–被動元件,608,0,0,0
2438,英誌,電子–電腦及週邊設備,電子中游–機殼,485,0,0,0
2439,美律,電子–通信網路,電子中游–NB與手機零組件,1658,0,0,0
2440,太空梭,電子–電子零組件,電子上游–連接元件,1391,0,0,0
2441,超豐,電子–半導體,電子上游–IC封測,5540,0,0,0
2442,新美齊,電子–電腦及週邊設備,電子下游–顯示器,1634,0,0,0
2443,新利虹,電子–光電,電子下游–光碟片,3540,0,0,0
2444,友旺,電子–通信網路,電子中游–網通,1351,0,0,0
2448,晶電,電子–光電,電子上游–LED及光元件,9317,0,1,0
2449,京元電,電子–半導體,電子上游–IC封測,11908,0,1,0
2450,神腦,電子–通信網路,電子下游–資訊通路,2572,0,1,0
2451,創見,電子–半導體,電子上游–DRAM銷售,4308,0,1,0
2453,凌群,電子–資訊服務,軟體–系統整合,1000,0,0,0
2454,聯發科,電子–半導體,電子上游–IC設計,13494,1,0,0
2455,全新,電子–通信網路,電子上游–LED及光元件,2459,0,0,0
2456,奇力新,電子–電子零組件,電子上游–被動元件,1533,0,0,0
2457,飛宏,電子–電子零組件,電子中游–變壓器與UPS,2770,0,0,0
2458,義隆,電子–半導體,電子上游–IC設計,4182,0,0,0
2459,敦吉,電子–電子通路,電子上游–IC通路,1451,0,0,0
2460,建通,電子–電子零組件,電子上游–連接元件,1716,0,0,0
2461,光群雷,電子–其他電子,電子中游–其他,1508,0,0,0
2462,良得電,電子–電子零組件,電子上游–連接元件,872,0,0,0
2464,盟立,電子–其他電子,電子中游–儀器設備工程,1826,0,0,0
2465,麗臺,電子–電腦及週邊設備,電子中游–PC介面卡,1072,0,0,0
2466,冠西電,電子–光電,電子上游–LED及光元件,1368,0,0,0
2467,志聖,電子–電子零組件,電子上游–PCB材料設備,1587,0,0,0
2468,華經,電子–資訊服務,軟體–系統整合,700,0,0,0
2471,資通,電子–資訊服務,軟體–系統整合,473,0,0,0
2472,立隆電,電子–電子零組件,電子上游–被動元件,1543,0,0,0
2473,思源(下市),0,0,0,0,0,0
2474,可成,電子–電腦及週邊設備,電子中游–NB與手機零組件,7507,1,0,0
2475,華映,電子–光電,電子中游–LCD–TFT面板,64795,0,0,0
2476,鉅祥,電子–電子零組件,電子上游–連接元件,2443,0,0,0
2477,美隆電,電子–其他電子,電子下游–消費電子,2388,0,0,0
2478,大毅,電子–電子零組件,電子上游–被動元件,2459,0,0,0
2480,敦陽科,電子–資訊服務,軟體–系統整合,1330,0,0,0
2481,強茂,電子–半導體,電子上游–LED及光元件,3719,0,0,0
2482,連宇,電子–其他電子,電子下游–商業自動化,621,0,0,0
2483,百容,電子–電子零組件,電子上游–連接元件,1133,0,0,0
2484,希華,電子–電子零組件,電子上游–被動元件,1575,0,0,0
2485,兆赫,電子–通信網路,電子中游–通訊設備,3177,0,0,0
2486,一詮,電子–光電,電子上游–LED及光元件,2057,0,0,0
2488,漢平,電子–其他電子,電子下游–消費電子,800,0,0,0
2489,瑞軒,電子–光電,電子下游–顯示器,8279,0,1,0
2491,吉祥全,電子–光電,電子下游–光碟片,630,0,0,0
2492,華新科,電子–電子零組件,電子上游–被動元件,6901,0,0,0
2493,揚博,電子–電子零組件,電子上游–PCB材料設備,1144,0,0,0
2495,普安,電子–其他電子,電子中游–PC介面卡,2836,0,0,0
2496,卓越,電子–通信網路,電子中游–通訊設備,361,0,0,0
2497,怡利電,電子–其他電子,電子中游–網通,1188,0,0,0
2498,宏達電,電子–通信網路,電子下游–手機製造,8521,1,0,0
2499,東貝,電子–光電,電子上游–LED及光元件,3304,0,0,0
2501,國建,建材營建,傳產–營建,16565,0,1,0
2504,國產,建材營建,傳產–營建,15193,0,1,0
2505,國揚,建材營建,傳產–營建,4463,0,0,0
2506,太設,建材營建,傳產–營建,4100,0,0,0
2509,全坤建,建材營建,傳產–營建,1518,0,0,0
2511,太子,建材營建,傳產–營建,11945,0,1,0
2514,龍邦,其他,傳產–營建,5631,0,0,0
2515,中工,建材營建,傳產–營建,15250,0,0,0
2516,新建,建材營建,傳產–營建,2319,0,0,0
2520,冠德,建材營建,傳產–營建,4987,0,0,0
2524,京城,建材營建,傳產–營建,3759,0,0,0
2527,宏璟,建材營建,傳產–營建,2703,0,0,0
2528,皇普,建材營建,傳產–營建,1000,0,0,0
2530,華建,建材營建,傳產–營建,2708,0,0,0
2534,宏盛,建材營建,傳產–營建,5891,0,0,0
2535,達欣工,建材營建,傳產–營建,2666,0,0,0
2536,宏普,建材營建,傳產–營建,3191,0,0,1
2537,聯上發,建材營建,傳產–營建,1423,0,0,0
2538,基泰,建材營建,傳產–營建,3966,0,0,0
2539,櫻花建,建材營建,傳產–營建,1656,0,0,0
2540,金尚昌,建材營建,傳產–營建,70,0,0,0
2542,興富發,建材營建,傳產–營建,5981,0,1,0
2543,皇昌,建材營建,傳產–營建,1790,0,0,0
2545,皇翔,建材營建,傳產–營建,3277,0,1,0
2546,根基,建材營建,傳產–營建,1060,0,0,0
2547,日勝生,建材營建,傳產–營建,8101,0,0,0
2548,華固,建材營建,傳產–營建,2768,0,1,0
2596,綠意,建材營建,傳產–營建,715,0,0,0
2597,潤弘,建材營建,傳產–營建,1350,0,0,0
2601,益航,航運業,傳產–航運業,3776,0,0,0
2603,長榮,航運業,傳產–航運業,34749,0,1,0
2605,新興,航運業,傳產–航運業,5683,0,0,0
2606,裕民,航運業,傳產–航運業,8580,0,1,0
2607,榮運,航運業,傳產–航運業,10671,0,1,0
2608,大榮,航運業,傳產–航運業,4836,0,1,0
2609,陽明,航運業,傳產–航運業,28187,0,1,0
2610,華航,航運業,傳產–航運業,52000,0,1,0
2611,志信,航運業,傳產–航運業,1736,0,0,0
2612,中航,航運業,傳產–航運業,2565,0,0,0
2613,中櫃,航運業,傳產–航運業,890,0,0,0
2614,東森,航運業,傳產–航運業,14185,0,0,0
2615,萬海,航運業,傳產–航運業,22183,0,1,0
2616,山隆,油電燃氣,傳產–航運業,1130,0,0,0
2617,台航,航運業,傳產–航運業,4173,0,0,0
2618,長榮航,航運業,傳產–航運業,32589,0,1,0
2633,台灣高鐵,航運業,傳產-航運業,26283,1,0,0
2636,台驊,航運業,傳產–航運業,727,0,0,0
2637,F-慧洋,航運業,傳產–航運業,3941,0,0,0
2701,萬企,觀光事業,傳產–觀光,3511,0,0,0
2702,華園,觀光事業,傳產–觀光,825,0,0,0
2704,國賓,觀光事業,傳產–觀光,3669,0,0,0
2705,六福,觀光事業,傳產–觀光,3302,0,0,0
2706,第一店,觀光事業,傳產–觀光,3502,0,0,0
2707,晶華,觀光事業,傳產–觀光,966,0,1,0
2718,桃園店,觀光事業,傳產–觀光,226,0,0,0
2719,燦星旅,觀光事業,傳產–觀光,363,0,0,0
2722,夏都,觀光事業,傳產–觀光,809,0,0,0
2723,F-美食,觀光事業,傳產–觀光,1411,0,1,0
2724,F-富驛,觀光事業,傳產–觀光,316,0,0,0
2727,王品,觀光事業,傳產–觀光,680,0,1,0
2801,彰銀,金融保險,金融–銀行,72421,1,0,0
2809,京城銀,金融保險,金融–銀行,10512,0,1,0
2812,台中銀,金融保險,金融–銀行,23187,0,1,0
2816,旺旺保,金融保險,金融–保險,2000,0,0,0
2820,華票,金融保險,金融–銀行,13430,0,0,0
2823,中壽,金融保險,金融–保險,23878,0,1,0
2832,台產,金融保險,金融–保險,3638,0,0,0
2833,台壽保,金融保險,金融–保險,9149,0,0,0
2834,臺企銀,金融保險,金融–銀行,48982,0,1,0
2836,高雄銀,金融保險,金融–銀行,7069,0,0,0
2837,萬泰銀,金融保險,金融–銀行,16235,0,0,0
2838,聯邦銀,金融保險,金融–銀行,20264,0,0,0
2841,台開,建材營建,傳產–營建,6584,0,0,0
2845,遠東銀,金融保險,金融–銀行,22423,0,1,0
2847,大眾銀,金融保險,金融–銀行,24360,0,1,0
2849,安泰銀,金融保險,金融–銀行,19579,0,0,0
2850,新產,金融保險,金融–保險,3160,0,0,0
2851,中再保,金融保險,金融–保險,5512,0,0,0
2852,第一保,金融保險,金融–保險,3012,0,0,0
2855,統一證,金融保險,金融–證券,13231,0,1,0
2856,元富證,金融保險,金融–證券,15297,0,0,0
2880,華南金,金融保險,金融–金控,86250,1,0,0
2881,富邦金,金融保險,金融–金控,95269,1,0,0
2882,國泰金,金融保險,金融–金控,108654,1,0,0
2883,開發金,金融保險,金融–金控,151730,1,0,0
2884,玉山金,金融保險,金融–金控,50107,0,1,0
2885,元大金,金融保險,金融–金控,100162,1,0,0
2886,兆豐金,金融保險,金融–金控,114498,1,0,0
2887,台新金,金融保險,金融–金控,76166,0,1,0
2888,新光金,金融保險,金融–金控,84364,0,1,0
2889,國票金,金融保險,金融–金控,25530,0,1,0
2890,永豐金,金融保險,金融–金控,76123,1,0,0
2891,中信金,金融保險,金融–金控,124170,1,0,0
2892,第一金,金融保險,金融–金控,81253,1,0,0
2901,欣欣,貿易百貨,傳產–百貨,730,0,0,0
2903,遠百,貿易百貨,傳產–百貨,13699,0,1,0
2904,匯僑,其他,傳產–其他,690,0,0,0
2905,三商行,貿易百貨,傳產–百貨,6307,0,0,0
2906,高林,貿易百貨,傳產–百貨,2424,0,0,0
2908,特力,貿易百貨,傳產–百貨,5220,0,0,0
2910,統領,貿易百貨,傳產–百貨,2087,0,0,0
2911,麗嬰房,貿易百貨,傳產–百貨,2113,0,0,0
2912,統一超,貿易百貨,傳產–百貨,10396,1,0,0
2913,農林,貿易百貨,傳產–百貨,6664,0,0,0
2915,潤泰全,貿易百貨,傳產–百貨,8414,0,1,0
2916,滿心,貿易百貨,傳產–百貨,546,0,0,0
2924,F-東凌,貿易百貨,傳產–百貨,302,0,0,0
3002,歐格,電子–電腦及週邊設備,電子中游–電源供應器,1020,0,0,0
3003,健和興,電子–電子零組件,電子上游–連接元件,1403,0,0,0
3004,豐達科,鋼鐵工業,電子中游–其他,414,0,0,0
3005,神基,電子–電腦及週邊設備,電子下游–筆記型電腦,5787,0,0,0
3006,晶豪科,電子–半導體,電子上游–IC設計,2672,0,0,0
3008,大立光,電子–光電,電子中游–光學鏡片,1341,1,0,0
3010,華立,電子–電子通路,電子上游–IC通路,2314,0,0,0
3011,今皓,電子–電子零組件,電子上游–連接元件,1127,0,0,0
3013,晟銘電,電子–電腦及週邊設備,電子中游–機殼,1852,0,0,0
3014,聯陽,電子–半導體,電子上游–IC設計,2060,0,0,0
3015,全漢,電子–電子零組件,電子中游–電源供應器,2296,0,0,0
3016,嘉晶,電子–半導體,電子上游–IC製造,939,0,0,0
3017,奇鋐,電子–電腦及週邊設備,電子中游–NB與手機零組件,3532,0,0,0
3018,同開,電子–其他電子,電子中游–儀器設備工程,456,0,0,0
3019,亞光,電子–光電,電子中游–光學鏡片,2810,0,0,0
3021,衛展,電子–資訊服務,軟體–系統整合,1083,0,0,0
3022,威達電,電子–電腦及週邊設備,電子下游–工業電腦,2950,0,0,0
3023,信邦,電子–電子零組件,電子上游–連接元件,2065,0,0,0
3024,憶聲,電子–光電,電子下游–顯示器,2822,0,0,0
3025,星通,電子–通信網路,電子中游–通訊設備,709,0,0,0
3026,禾伸堂,電子–電子零組件,電子上游–被動元件,3202,0,0,0
3027,盛達,電子–通信網路,電子中游–電源供應器,948,0,0,0
3028,增你強,電子–電子通路,電子上游–IC通路,2134,0,0,0
3029,零壹,電子–資訊服務,軟體–系統整合,947,0,0,0
3030,德律,電子–其他電子,電子上游–IC其他,2228,0,0,0
3031,佰鴻,電子–光電,電子上游–LED及光元件,1967,0,0,0
3032,偉訓,電子–電子零組件,電子中游–機殼,1033,0,0,0
3033,威健,電子–電子通路,電子上游–IC通路,2439,0,0,0
3034,聯詠,電子–半導體,電子上游–IC設計,6035,0,1,0
3035,智原,電子–半導體,電子上游–IC設計,4030,0,0,0
3036,文曄,電子–電子通路,電子上游–IC通路,3372,0,0,0
3037,欣興,電子–電子零組件,電子上游–PCB製造,15386,0,1,0
3038,全台,電子–光電,電子中游–LCD–STN面板,2261,0,0,0
3040,遠見,電子–電子通路,電子下游–消費電子,1039,0,0,0
3041,揚智,電子–半導體,電子上游–IC設計,3089,0,0,0
3042,晶技,電子–電子零組件,電子上游–被動元件,3097,0,0,0
3043,科風,電子–其他電子,電子中游–變壓器與UPS,1949,0,0,0
3044,健鼎,電子–電子零組件,電子上游–PCB製造,5256,0,1,0
3045,台灣大,電子–通信網路,電子下游–電信服務,34208,1,0,0
3046,建,電子–電腦及週邊設備,電子中游–主機板,1636,0,0,0
3047,訊舟,電子–通信網路,電子中游–網通,1741,0,0,0
3048,益登,電子–電子通路,電子上游–IC通路,1611,0,0,0
3049,和鑫,電子–光電,電子中游–LCD–零組件,8840,0,0,0
3050,鈺德,電子–光電,電子下游–光碟片,2167,0,0,0
3051,力特,電子–光電,電子中游–LCD–零組件,3253,0,0,0
3052,夆典,電子–其他電子,電子中游–儀器設備工程,1940,0,0,0
3054,萬國,電子–半導體,電子下游–其他,776,0,0,0
3055,蔚華科,電子–電子通路,電子中游–儀器設備工程,1306,0,0,0
3056,總太,建材營建,傳產–營建,1335,0,0,0
3057,喬鼎,電子–電腦及週邊設備,電子中游–PC介面卡,1513,0,0,0
3058,立德,電子–電子零組件,電子中游–變壓器與UPS,1508,0,0,0
3059,華晶科,電子–光電,電子下游–數位相機,3961,0,0,0
3060,銘異,電子–電腦及週邊設備,電子中游–其他,1683,0,0,0
3061,璨圓,電子–光電,電子上游–LED及光元件,4816,0,0,0
3062,建漢,電子–通信網路,電子中游–網通,3256,0,0,0
3064,泰偉,電子–其他電子,軟體–遊戲,726,0,0,0
3066,李洲,電子–光電,電子上游–LED及光元件,1510,0,0,0
3067,全域,電子–其他電子,電子下游–消費電子,290,0,0,0
3068,美磊,電子–通信網路,電子上游–被動元件,789,0,0,0
3069,台金礦,電子–電腦及週邊設備,電子下游–工業電腦,267,0,0,0
3071,協禧,電子–電腦及週邊設備,電子中游–電源供應器,1828,0,0,0
3073,普格,電子–半導體,電子上游–IC設計,595,0,0,0
3078,僑威,電子–電子零組件,電子中游–電源供應器,2274,0,0,0
3080,威力盟,0,0,0,0,0,0
3083,網龍,電子–資訊服務,軟體–遊戲,874,0,0,0
3085,久大,電子–資訊服務,軟體–其他,712,0,0,0
3086,華義,電子–資訊服務,軟體–遊戲,738,0,0,0
3087,翔準,電子–半導體,電子上游–IC其他,2183,0,0,0
3088,艾訊,電子–電腦及週邊設備,電子下游–工業電腦,773,0,0,0
3089,展成,電子–電子零組件,電子上游–被動元件,522,0,0,0
3090,日電貿,電子–電子零組件,電子上游–被動元件,1145,0,0,0
3092,鴻碩,電子–電子零組件,電子上游–連接元件,638,0,0,0
3093,港建,電子–其他電子,電子中游–儀器設備工程,363,0,0,0
3094,聯傑,電子–半導體,電子上游–IC設計,853,0,0,0
3095,及成,電子–通信網路,電子中游–NB與手機零組件,2177,0,0,0
3105,穩懋,電子–半導體,電子上游–IC代工,8087,0,0,0
3114,好德,電子–電子零組件,電子下游–資訊通路,500,0,0,0
3115,寶島極,電子–電子零組件,電子上游–PCB製造,437,0,0,0
3118,進階,生技醫療,傳產–生技,325,0,0,0
3126,信億,電子–電腦及週邊設備,電子上游–IC設計,483,0,0,0
3128,昇銳,電子–光電,電子下游–安全監控,420,0,0,0
3130,一零四,電子–資訊服務,軟體–其他,340,0,0,0
3131,弘塑,電子–其他電子,電子上游–IC其他,220,0,0,0
3144,新揚科,電子–電子零組件,電子上游–PCB製造,928,0,0,0
3149,正達,電子–光電,電子中游–LCD–STN面板,2655,0,1,0
3152,璟德,電子–通信網路,電子上游–被動元件,690,0,0,0
3162,精確,電機機械,傳產–電機,565,0,0,0
3164,景岳,生技醫療,傳產–生技,692,0,0,0
3169,亞信,電子–半導體,電子中游–網通,534,0,0,0
3171,新洲,電子–電腦及週邊設備,電子下游–工業電腦,492,0,0,0
3176,基亞,生技醫療,傳產–生技,1287,0,0,0
3188,安茂,電子–半導體,電子上游–IC設計,451,0,0,0
3189,景碩,電子–半導體,電子上游–PCB製造,4460,0,1,0
3191,和進,電子–電子零組件,電子中游–變壓器與UPS,547,0,0,0
3202,樺晟,電子–電子零組件,電子上游–連接元件,747,0,0,0
3205,佰研,生技醫療,傳產–生技,247,0,0,0
3206,志豐,電子–電子零組件,電子中游–NB與手機零組件,408,0,0,0
3207,耀勝,電子–電子零組件,電子中游–變壓器與UPS,383,0,0,0
3209,全科,電子–電子通路,電子上游–IC通路,947,0,0,0
3211,順達,電子–電腦及週邊設備,電子中游–NB與手機零組件,1541,0,0,0
3213,茂訊,電子–電腦及週邊設備,電子下游–資訊通路,587,0,0,0
3217,優群,電子–電子零組件,電子上游–連接元件,841,0,0,0
3218,大學光,生技醫療,傳產–生技,662,0,0,0
3219,倚強,電子–半導體,電子上游–IC設計,223,0,0,0
3221,台嘉碩,電子–通信網路,電子上游–被動元件,851,0,0,0
3224,三顧,電子–電子通路,軟體–系統整合,420,0,0,0
3226,至寶電,電子–電子零組件,電子中游–電源供應器,644,0,0,0
3227,原相,電子–半導體,電子上游–IC設計,1336,0,0,0
3228,金麗科,電子–半導體,電子上游–IC設計,605,0,0,0
3229,晟鈦,電子–電子零組件,電子上游–PCB製造,580,0,0,0
3230,錦明,電子–光電,電子中游–機殼,1107,0,0,0
3231,緯創,電子–電腦及週邊設備,電子中游–EMS,21979,1,0,0
3232,昱捷,電子–電子通路,電子上游–IC通路,316,0,0,0
3234,光環,電子–通信網路,電子中游–網通,936,0,0,0
3236,千如,電子–電子零組件,電子上游–被動元件,565,0,0,0
3252,海灣,電子–半導體,電子上游–IC通路,350,0,0,0
3257,虹冠電,電子–半導體,電子上游–IC設計,387,0,0,0
3259,鑫創,電子–半導體,電子上游–IC設計,625,0,0,0
3260,威剛,電子–半導體,電子上游–DRAM銷售,2258,0,0,0
3264,欣銓,電子–半導體,電子上游–IC封測,4619,0,0,0
3265,台星科,電子–半導體,電子上游–IC封測,1363,0,0,0
3266,昇陽開,建材營建,傳產–營建,1232,0,0,0
3268,海德威,電子–半導體,電子上游–IC設計,307,0,0,0
3276,宇環,電子–電子零組件,電子上游–PCB製造,697,0,0,0
3284,太普高,其他,傳產–其他,543,0,0,0
3285,微端,電子–其他電子,電子下游–消費電子,441,0,0,0
3287,廣寰科,電子–電腦及週邊設備,電子下游–消費電子,440,0,0,0
3288,點晶,電子–電子零組件,電子上游–IC設計,498,0,0,0
3289,宜特,電子–其他電子,電子上游–IC設計,447,0,0,0
3290,東浦,電子–通信網路,電子中游–其他,743,0,0,0
3291,遠翔科,電子–半導體,電子上游–IC設計,349,0,0,0
3293,鈊象,電子–資訊服務,軟體–遊戲,695,0,0,0
3294,英濟,電子–電子零組件,電子中游–機殼,1362,0,0,0
3296,勝德,電子–電子零組件,電子中游–變壓器與UPS,1121,0,0,0
3297,杭特,電子–光電,電子下游–安全監控,350,0,0,0
3299,帛漢,電子–電子零組件,電子中游–儀器設備工程,504,0,0,0
3303,岱稜,電子–其他電子,電子中游–其他,933,0,0,0
3305,昇貿,電子–其他電子,電子上游–IC封測,1189,0,0,0
3306,鼎天,電子–通信網路,電子下游–其他,506,0,0,0
3308,聯德,電子–電子零組件,電子中游–電源供應器,999,0,0,0
3310,佳穎,電子–電子零組件,電子上游–連接元件,767,0,0,0
3311,閎暉,電子–通信網路,電子中游–NB與手機零組件,1846,0,0,0
3312,弘憶股,電子–電子通路,電子上游–IC通路,872,0,0,0
3313,斐成,電子–電子零組件,電子上游–被動元件,837,0,0,0
3315,宣昶,電子–電子通路,電子上游–IC設計,703,0,0,0
3317,尼克森,電子–半導體,電子上游–IC設計,613,0,0,0
3322,建舜電,電子–電子零組件,電子上游–連接元件,832,0,0,0
3323,加百裕,電子–電腦及週邊設備,電子中游–NB與手機零組件,990,0,0,0
3324,雙鴻,電子–其他電子,電子中游–NB與手機零組件,636,0,0,0
3325,旭品,電子–電腦及週邊設備,電子中游–機殼,771,0,0,0
3332,幸康,電子–電子零組件,電子中游–電源供應器,481,0,0,0
3339,泰谷,電子–光電,電子上游–LED及光元件,2753,0,0,0
3354,律勝,電子–電子零組件,電子上游–PCB製造,820,0,0,0
3356,奇偶,電子–光電,電子下游–安全監控,578,0,0,0
3360,尚立,電子–電子通路,電子上游–IC通路,528,0,0,0
3362,先進光,電子–光電,電子中游–光學鏡片,777,0,0,0
3363,上詮,電子–通信網路,電子上游–被動元件,601,0,0,0
3372,典範,電子–半導體,電子上游–IC封測,3025,0,0,0
3373,熱映,電子–其他電子,電子上游–IC其他,321,0,0,0
3376,新日興,電子–電子零組件,電子中游–NB與手機零組件,1738,0,0,0
3379,彬台,電機機械,傳產–電機,329,0,0,0
3380,明泰,電子–通信網路,電子中游–網通,5138,0,0,0
3383,新世紀,電子–光電,電子上游–LED及光元件,2912,0,0,0
3388,崇越電,電子–電子零組件,電子上游–PCB製造,620,0,0,0
3390,旭軟,電子–電子零組件,電子上游–PCB製造,599,0,0,0
3402,漢科,電子–其他電子,電子中游–儀器設備工程,737,0,0,0
3406,玉晶光,電子–光電,電子中游–光學鏡片,892,0,1,0
3416,融程電,電子–電腦及週邊設備,電子中游–LCD–零組件,463,0,0,0
3419,譁裕,電子–通信網路,電子中游–網通,1022,0,0,0
3428,光燿科,電子–光電,電子中游–光學鏡片,733,0,0,0
3431,長天,電子–通信網路,電子下游–其他,473,0,0,0
3432,台端,電子–電子零組件,電子上游–連接元件,656,0,0,0
3434,哲固,電子–光電,電子下游–安全監控,328,0,0,0
3438,類比科,電子–半導體,電子上游–IC設計,386,0,0,0
3441,聯一光,電子–光電,電子上游–LED及光元件,389,0,0,0
3443,創意,電子–半導體,電子上游–IC設計,1340,0,0,0
3444,利機,電子–電子通路,電子中游–儀器設備工程,391,0,0,0
3450,聯鈞,電子–其他電子,電子上游–LED及光元件,766,0,0,0
3452,益通,電子–光電,電子下游–太陽能,4794,0,0,0
3454,晶睿,電子–光電,電子下游–安全監控,689,0,0,0
3455,由田,電子–光電,電子上游–PCB材料設備,606,0,0,0
3465,祥業,電子–電子零組件,電子下游–其他,284,0,0,0
3466,致振,電子–通信網路,電子中游–通訊設備,624,0,0,0
3474,華亞科,電子–半導體,電子上游–IC-DRAM製造,54051,0,0,0
3479,安勤,電子–電腦及週邊設備,電子下游–工業電腦,463,0,0,0
3481,奇美電,電子–光電,電子中游–LCD–TFT面板,89255,1,0,0
3483,力致,電子–電腦及週邊設備,電子中游–NB與手機零組件,490,0,0,0
3484,崧騰,電子–電子零組件,電子上游–連接元件,593,0,0,0
3489,筌寶,電子–電腦及週邊設備,電子中游–其他,529,0,0,0
3490,單井,電子–光電,電子中游–LCD–零組件,350,0,0,0
3491,昇達科,電子–通信網路,電子中游–通訊設備,449,0,0,0
3494,誠研,電子–電腦及週邊設備,電子下游–其他,1382,0,0,0
3498,陽程,電子–其他電子,電子中游–儀器設備工程,679,0,0,0
3499,環天科,電子–通信網路,電子下游–其他,583,0,0,0
3501,維熹,電子–電子零組件,電子上游–連接元件,1112,0,0,0
3504,揚明光,電子–光電,電子中游–光學鏡片,1141,0,0,0
3508,位速,電子–其他電子,電子中游–NB與手機零組件,928,0,0,0
3511,矽瑪,電子–電子零組件,電子上游–連接元件,388,0,0,0
3512,能緹,電子–電子零組件,電子中游–NB與手機零組件,440,0,0,0
3514,昱晶,電子–光電,電子下游–太陽能,3389,0,0,0
3515,華擎,電子–電腦及週邊設備,電子中游–主機板,1150,0,0,0
3516,亞帝歐,電子–光電,電子中游–LCD–零組件,760,0,0,0
3518,柏騰,電子–其他電子,電子中游–NB與手機零組件,842,0,0,0
3519,綠能,電子–半導體,電子下游–太陽能,3219,0,0,0
3520,振維,電子–電子零組件,電子上游–連接元件,513,0,0,0
3521,鴻翊,電子–電腦及週邊設備,電子下游–商業自動化,316,0,0,0
3522,宏森,電子–光電,電子上游–LED及光元件,473,0,0,0
3523,迎輝,電子–光電,電子中游–LCD–零組件,979,0,0,0
3526,凡甲,電子–電子零組件,電子上游–連接元件,610,0,0,0
3527,聚積,電子–半導體,電子上游–IC設計,332,0,0,0
3528,安馳,電子–電子通路,電子上游–IC通路,508,0,0,0
3529,力旺,電子–半導體,電子上游–IC設計,768,0,0,0
3531,先益,電子–光電,電子上游–LED及光元件,612,0,0,0
3532,台勝科,電子–半導體,電子下游–太陽能,7757,0,0,0
3533,嘉澤,電子–電子零組件,電子中游–其他,935,0,0,0
3535,晶彩科,電子–光電,電子中游–儀器設備工程,786,0,0,0
3536,誠創,電子–光電,電子中游–LCD–零組件,1759,0,0,0
3537,堡達,電子–電子零組件,電子上游–IC通路,464,0,0,0
3540,曜越,電子–電腦及週邊設備,電子中游–機殼,610,0,0,0
3541,西柏,電子–其他電子,電子中游–通訊設備,381,0,0,0
3545,旭曜,電子–半導體,電子上游–IC設計,1386,0,0,0
3546,宇峻,電子–資訊服務,軟體–遊戲,344,0,0,0
3548,兆利,電子–電子零組件,電子上游–連接元件,506,0,0,0
3550,聯穎,電子–電子零組件,電子中游–儀器設備工程,850,0,0,0
3551,世禾,電子–其他電子,電子中游–儀器設備工程,568,0,0,0
3552,同致,電子–其他電子,電子下游–其他,717,0,0,0
3553,力積,電子–半導體,電子上游–IC設計,641,0,0,0
3555,擎泰,電子–半導體,電子上游–IC設計,649,0,0,0
3556,禾瑞亞,電子–半導體,電子上游–IC設計,482,0,0,0
3557,嘉威,電子–光電,電子中游–LCD–零組件,1094,0,0,0
3559,全智科,電子–半導體,電子上游–IC封測,1174,0,0,0
3561,昇陽科,電子–光電,電子下游–太陽能,3170,0,0,0
3562,頂晶科,電子–光電,電子下游–太陽能,524,0,0,0
3563,牧德,電子–其他電子,電子中游–儀器設備工程,337,0,0,0
3567,逸昌,電子–半導體,電子上游–IC封測,400,0,0,0
3570,大塚,電子–資訊服務,軟體–系統整合,171,0,0,0
3573,穎台,電子–光電,電子中游–LCD–零組件,1465,0,0,0
3576,新日光,電子–光電,電子下游–太陽能,4608,0,0,0
3577,泓格,電子–電腦及週邊設備,電子下游–工業電腦,437,0,0,0
3579,尚志,電子–半導體,電子上游–IC其他,1156,0,0,0
3580,友威科,電子–其他電子,電子中游–儀器設備工程,447,0,0,0
3582,凌耀,電子–半導體,電子上游–IC設計,359,0,0,0
3584,介面,電子–光電,電子中游–LCD–STN面板,1077,0,0,0
3587,閎康,電子–其他電子,電子中游–其他,431,0,0,0
3588,通嘉,電子–半導體,電子上游–IC設計,449,0,0,0
3591,艾笛森,電子–光電,電子上游–LED及光元件,1161,0,0,0
3593,力銘,電子–光電,電子中游–電源供應器,1127,0,0,0
3596,智易,電子–通信網路,電子中游–網通,1405,0,0,0
3598,奕力,電子–半導體,電子上游–IC設計,684,0,0,0
3599,旺能,電子–光電,電子下游–太陽能,2700,0,0,0
3605,宏致,電子–電子零組件,電子上游–連接元件,1244,0,0,0
3607,谷崧,電子–電子零組件,電子中游–NB與手機零組件,1124,0,0,0
3609,東林,電子–電子零組件,電子上游–LED及光元件,313,0,0,0
3611,鼎翰,電子–電腦及週邊設備,電子下游–工業電腦,341,0,0,0
3615,安可,電子–光電,電子中游–LCD–STN面板,606,0,0,0
3617,碩天,電子–其他電子,電子中游–變壓器與UPS,792,0,0,0
3622,洋華,電子–光電,電子中游–LCD–STN面板,1510,0,0,0
3623,富晶通,電子–光電,電子中游–LCD–STN面板,572,0,0,0
3624,光頡,電子–電子零組件,電子上游–LED及光元件,867,0,0,0
3625,西勝,電子–電腦及週邊設備,電子中游–NB與手機零組件,561,0,0,0
3628,盈正,電子–其他電子,電子中游–變壓器與UPS,450,0,0,0
3629,卓韋,電子–光電,電子中游–LCD–零組件,384,0,0,0
3630,新鉅科,電子–光電,電子中游–光學鏡片,866,0,0,0
3631,晟楠,電子–電子零組件,電子上游–IC其他,741,0,0,0
3632,研勤,電子–通信網路,軟體–其他,274,0,0,0
3638,F-IML,電子–半導體,電子上游–IC設計,809,0,0,0
3642,駿熠電,電子–其他電子,電子中游–其他,338,0,0,0
3645,達邁,電子–電子零組件,電子上游–PCB製造,1174,0,0,0
3646,艾恩特,電子–電子零組件,電子上游–連接元件,385,0,0,0
3652,精聯,電子–電腦及週邊設備,電子下游–工業電腦,476,0,0,0
3653,健策,電子–電子零組件,電子中游–NB與手機零組件,1068,0,0,0
3658,漢微科,電子–半導體,電子上游–IC其他,660,0,0,0
3662,樂陞,電子–資訊服務,軟體–遊戲,280,0,0,0
3664,F-安瑞,電子–通信網路,軟體–系統整合,708,0,0,0
3665,F-貿聯,電子–其他電子,電子上游–連接元件,733,0,0,0
3669,圓展,電子–光電,電子下游–安全監控,982,0,0,0
3673,F-TPK,電子–光電,電子中游–LCD–STN面板,3270,1,0,0
3675,德微,電子–半導體,電子上游–LED及光元件,443,0,0,0
3679,新至陞,電子–電子零組件,電子中游–其他,812,0,0,0
3680,家登,電子–半導體,電子上游–IC其他,543,0,0,0
3685,政翔,電子–光電,電子中游–LCD–零組件,402,0,0,0
3686,達能,電子–半導體,電子下游–太陽能,2037,0,0,0
3687,歐買尬,電子–資訊服務,軟體–遊戲,300,0,0,0
3691,碩禾,電子–光電,電子上游–LED及光元件,441,0,0,0
3694,海華,電子–通信網路,電子中游–網通,1298,0,0,0
3697,F-晨星,電子–半導體,電子上游–IC設計,5326,1,0,0
3698,隆達,電子–光電,電子上游–LED及光元件,4305,0,0,0
3701,大眾控,電子–電腦及週邊設備,電子中游–EMS,3207,0,0,0
3702,大聯大,電子–電子通路,電子上游–IC通路,16557,0,1,0
3703,欣陸,建材營建,傳產–營建,8412,0,0,0
3704,合勤控,電子–通信網路,電子中游–網通,4913,0,0,0
3705,永信,生技醫療,傳產–生技,2537,0,0,0
3711,日月光投控,電子-半導體,電子上游-IC封測,26283,1,0,1
4102,永日,生技醫療,傳產–生技,424,0,0,0
4103,百略,生技醫療,傳產–生技,1100,0,0,0
4104,佳醫,生技醫療,傳產–生技,1133,0,0,0
4105,東洋,生技醫療,傳產–生技,2140,0,0,0
4106,雃博,生技醫療,傳產–生技,834,0,0,0
4107,邦特,生技醫療,傳產–生技,783,0,0,0
4108,懷特,生技醫療,傳產–生技,1626,0,0,0
4109,加捷,生技醫療,傳產–生技,548,0,0,0
4111,濟生,生技醫療,傳產–生技,502,0,0,0
4113,聯上,建材營建,傳產–營建,927,0,0,0
4114,健喬,生技醫療,傳產–生技,904,0,0,0
4119,旭富,生技醫療,傳產–生技,493,0,0,0
4120,友華,生技醫療,傳產–生技,867,0,0,0
4121,優盛,生技醫療,傳產–生技,733,0,0,0
4123,晟德,生技醫療,傳產–生技,1158,0,0,0
4126,太醫,生技醫療,傳產–生技,660,0,0,0
4127,天良,生技醫療,傳產–生技,458,0,0,0
4128,中天,生技醫療,傳產–生技,3290,0,0,0
4129,聯合,生技醫療,傳產–生技,464,0,0,0
4130,健亞,生技醫療,傳產–生技,969,0,0,0
4131,晶宇,生技醫療,傳產–生技,483,0,0,0
4133,亞諾法,生技醫療,傳產–生技,595,0,0,0
4138,曜亞,生技醫療,傳產–生技,265,0,0,0
4139,F-馬光,生技醫療,傳產–生技,225,0,0,0
4141,F-龍燈,生技醫療,傳產–生技,1202,0,0,0
4142,國光生,生技醫療,傳產–生技,1841,0,0,0
4144,F-康聯,生技醫療,傳產–生技,700,0,0,0
4154,F-康樂,生技醫療,傳產–生技,218,0,0,0
4205,恆義,食品工業,傳產–食品業,661,0,0,0
4207,環泰,食品工業,傳產–食品業,1349,0,0,0
4303,信立,塑膠工業,傳產–塑膠,700,0,0,0
4304,勝昱,塑膠工業,傳產–塑膠,597,0,0,0
4305,世坤,塑膠工業,傳產–塑膠,550,0,0,0
4306,炎洲,塑膠工業,傳產–塑膠,3956,0,0,0
4401,東隆興,紡織纖維,傳產–紡織纖維,1203,0,0,0
4402,福大,紡織纖維,傳產–紡織纖維,687,0,0,0
4406,新昕纖,紡織纖維,傳產–紡織纖維,519,0,0,0
4413,飛寶動能,紡織纖維,傳產–紡織纖維,444,0,0,0
4414,如興,紡織纖維,傳產–紡織纖維,586,0,0,0
4415,美嘉電,電子–其他電子,傳產–紡織纖維,277,0,0,0
4416,三圓,建材營建,傳產–營建,600,0,0,0
4417,金洲,紡織纖維,傳產–紡織纖維,712,0,0,0
4419,松懋,紡織纖維,傳產–紡織纖維,393,0,0,0
4420,光明,紡織纖維,傳產–紡織纖維,298,0,0,0
4426,利勤,紡織纖維,傳產–紡織纖維,640,0,0,0
4429,聚紡,紡織纖維,傳產–紡織纖維,344,0,0,0
4430,耀億,其他,傳產–其他,503,0,0,0
4502,源恆,電機機械,傳產–汽車零組件,590,0,0,0
4503,金雨,電機機械,電子下游–顯示器,368,0,0,0
4506,崇友,電機機械,傳產–電機,1967,0,0,0
4510,高鋒,電機機械,傳產–電機,868,0,0,0
4513,福裕,電機機械,傳產–電機,769,0,0,0
4523,永  彰,電機機械,傳產–汽車零組件,640,0,0,0
4526,東台,電機機械,傳產–電機,2265,0,0,0
4527,方土霖,電機機械,傳產–電機,613,0,0,0
4528,江興鍛,電機機械,傳產–汽車零組件,701,0,0,0
4529,雷風,電機機械,傳產–電機,523,0,0,0
4530,宏易,電機機械,傳產–電機,1000,0,0,0
4532,瑞智,電機機械,傳產–電機,4415,0,0,0
4533,協易機,電機機械,傳產–電機,1435,0,0,0
4534,慶騰,電機機械,傳產–電機,666,0,0,0
4535,至興,電機機械,傳產–汽車零組件,757,0,0,0
4609,唐鋒,電器電纜,傳產–電機,479,0,0,0
4702,中美實,化學工業,傳產–化學工業,2000,0,0,0
4703,揚華,化學工業,傳產–化學工業,784,0,0,0
4706,大恭,化學工業,傳產–化學工業,790,0,0,0
4707,磐亞,化學工業,傳產–化學工業,2222,0,0,0
4711,永純,化學工業,傳產–塑膠,611,0,0,0
4712,南璋,食品工業,傳產–食品業,684,0,0,0
4714,永捷,化學工業,傳產–塑膠,424,0,0,0
4716,大立,化學工業,傳產–塑膠,645,0,0,0
4720,德淵,化學工業,傳產–化學工業,732,0,0,0
4721,美琪瑪,化學工業,傳產–化學工業,750,0,0,0
4722,國精化,化學工業,傳產–塑膠,882,0,0,0
4725,信昌化,化學工業,傳產–化學工業,2920,0,0,0
4728,雙美,生技醫療,傳產–生技,545,0,0,0
4729,熒茂,電子–光電,電子中游–LCD–零組件,1019,0,0,0
4733,上緯,化學工業,傳產–化學工業,724,0,0,0
4735,豪展,生技醫療,傳產–生技,287,0,0,0
4736,泰博,生技醫療,傳產–生技,632,0,0,0
4737,華廣,生技醫療,傳產–生技,439,0,0,0
4739,康普,化學工業,傳產–化學工業,486,0,0,0
4743,合一,生技醫療,傳產–生技,1280,0,0,0
4746,台耀,生技醫療,傳產–生技,671,0,0,0
4801,高盛,管理股票,電子下游–光碟片,450,0,0,0
4903,聯光通,電子–通信網路,電子中游–通訊設備,762,0,0,0
4904,遠傳,電子–通信網路,電子下游–電信服務,32585,1,0,0
4905,台聯電,電子–通信網路,電子中游–通訊設備,512,0,0,0
4906,正文,電子–通信網路,電子中游–網通,3051,0,0,0
4907,春雨開,電子–通信網路,電子中游–網通,1381,0,0,0
4908,前鼎,電子–通信網路,電子中游–通訊設備,748,0,0,0
4909,新復興,電子–通信網路,電子上游–PCB製造,925,0,0,0
4911,德英,生技醫療,傳產–生技,550,0,0,0
4912,F-聯德,電子–電子零組件,傳產–電機,328,0,0,0
4919,新唐,電子–半導體,電子上游–IC設計,2076,0,0,0
4924,F-欣厚,電子–電腦及週邊設備,電子下游–其他,348,0,0,0
4927,F-泰鼎,電子–電子零組件,電子上游–PCB製造,929,0,0,0
4930,燦星網,電器電纜,傳產–電機,2686,0,0,0
4933,友輝,電子–光電,電子中游–LCD–零組件,604,0,0,0
4934,太極,電子–光電,電子下游–太陽能,2060,0,0,0
4935,F-茂林,電子–光電,電子中游–LCD–零組件,1387,0,0,0
4938,和碩,電子–電腦及週邊設備,電子中游–EMS,22903,0,1,0
4939,亞電,電子–電子零組件,電子上游–PCB製造,840,0,0,0
4942,嘉彰,電子–光電,電子上游–LED及光元件,1526,0,0,0
4944,兆遠,電子–光電,電子上游–LED及光元件,1686,0,0,0
4946,辣椒,電子–資訊服務,軟體–遊戲,206,0,0,0
4947,F-昂寶,電子–半導體,電子上游–IC設計,425,0,0,0
4950,牧東,電子–光電,電子中游–LCD–STN面板,769,0,0,0
4952,凌通,電子–半導體,電子上游–IC設計,1088,0,0,0
4956,光鋐,電子–光電,電子上游–LED及光元件,1004,0,0,0
4958,F-臻鼎,電子–電子零組件,電子上游–PCB製造,7034,0,1,0
4960,奇美材,電子–光電,電子上游–LED及光元件,4912,0,0,0
4965,商店街,電子–資訊服務,軟體–其他,142,0,0,0
4966,F-譜瑞,電子–半導體,電子上游–IC設計,516,0,0,0
4973,廣穎,電子–半導體,電子上游–IC設計,602,0,0,0
4974,亞泰,電子–電子零組件,電子下游–掃描器,558,0,0,0
4979,華星光,電子–通信網路,電子中游–通訊設備,500,0,0,0
4984,F-科納,電子–通信網路,電子中游–網通,450,0,0,0
4987,科誠,電子–電腦及週邊設備,電子下游–其他,240,0,0,0
4994,傳奇,電子–資訊服務,軟體–遊戲,471,0,0,0
4995,晶達,電子–光電,電子中游–LCD–TFT面板,339,0,0,0
5007,三星,鋼鐵工業,傳產–鋼鐵,2200,0,0,0
5009,榮剛,鋼鐵工業,傳產–鋼鐵,4258,0,0,0
5011,久陽,鋼鐵工業,傳產–鋼鐵,326,0,0,0
5013,強新,鋼鐵工業,傳產–鋼鐵,996,0,0,0
5014,建錩,鋼鐵工業,傳產–鋼鐵,1653,0,0,0
5015,華祺,鋼鐵工業,傳產–鋼鐵,606,0,0,0
5016,松和,鋼鐵工業,傳產–鋼鐵,496,0,0,0
5102,富強,橡膠工業,傳產–橡膠,641,0,0,0
5201,凱衛,電子–資訊服務,軟體–系統整合,307,0,0,0
5202,力新,電子–資訊服務,軟體–其他,607,0,0,0
5203,訊連,電子–資訊服務,軟體–其他,944,0,0,0
5205,漢康,電子–其他電子,軟體–系統整合,243,0,0,0
5206,坤悅,電子–資訊服務,軟體–系統整合,916,0,0,0
5209,新鼎,電子–資訊服務,軟體–系統整合,223,0,0,0
5210,寶碩,電子–資訊服務,軟體–系統整合,690,0,0,0
5211,蒙恬,電子–資訊服務,軟體–其他,320,0,0,0
5212,凌網,電子–資訊服務,軟體–系統整合,346,0,0,0
5213,亞昕,建材營建,傳產–營建,3260,0,0,0
5215,F-科嘉,電子–電腦及週邊設備,電子中游–NB與手機零組件,472,0,0,0
5230,雷笛克,電子–光電,電子上游–LED及光元件,357,0,0,0
5234,達興,電子–光電,電子上游–PCB材料設備,889,0,0,0
5301,祥裕,電子–電子零組件,電子上游–PCB製造,530,0,0,0
5302,太欣,電子–半導體,電子上游–IC設計,1624,0,0,0
5304,鼎創達,其他,電子下游–手機製造,1860,0,0,0
5305,敦南,電子–半導體,電子上游–IC其他,4474,0,0,0
5306,桂盟,電子–通信網路,電子中游–網通,1030,0,0,0
5309,系統電,電子–電子零組件,電子中游–變壓器與UPS,1526,0,0,0
5310,天剛,電子–資訊服務,軟體–系統整合,268,0,0,0
5312,寶島科,其他,傳產–其他,601,0,0,0
5314,世紀,電子–半導體,電子上游–IC設計,600,0,0,0
5315,光聯,電子–光電,電子中游–LCD–STN面板,1589,0,0,0
5317,凱美,電子–電子零組件,電子上游–被動元件,1364,0,0,0
5318,佳鼎科技(下櫃),0,0,0,0,0,0
5321,友銓,電子–電子零組件,電子上游–PCB製造,900,0,0,0
5324,士開,建材營建,傳產–營建,858,0,0,0
5326,漢磊,電子–半導體,電子上游–IC製造,3266,0,0,0
5328,華容,電子–電子零組件,電子中游–電源供應器,1794,0,0,0
5340,建榮,電子–電子零組件,電子上游–PCB材料設備,1949,0,0,0
5344,立衛,電子–半導體,電子上游–IC封測,794,0,0,0
5345,天揚,電子–電子零組件,電子上游–被動元件,500,0,0,0
5346,力晶(下櫃),0,0,0,0,0,0
5347,世界,電子–半導體,電子上游–IC代工,16236,0,0,0
5348,系通,電子–通信網路,電子中游–通訊設備,260,0,0,0
5349,先豐,電子–電子零組件,電子上游–PCB製造,2241,0,0,0
5351,鈺創,電子–半導體,電子上游–IC設計,4393,0,0,0
5353,台林,電子–通信網路,電子中游–通訊設備,972,0,0,0
5355,佳總,電子–電子零組件,電子上游–PCB製造,1595,0,0,0
5356,協益,電子–電腦及週邊設備,電子中游–其他,1324,0,0,0
5364,易福,電子–電子零組件,電子上游–連接元件,2042,0,0,0
5371,中光電,電子–電腦及週邊設備,電子中游–LCD–零組件,7240,0,0,0
5381,合正,電子–電子零組件,電子上游–PCB材料設備,1871,0,0,0
5383,金利,電子–其他電子,電子上游–連接元件,714,0,0,0
5384,捷元,電子–電腦及週邊設備,電子下游–資訊通路,796,0,0,0
5386,青雲,電子–電腦及週邊設備,電子中游–PC介面卡,111,0,0,0
5388,中磊,電子–通信網路,電子中游–網通,1956,0,0,0
5392,應華,電子–光電,電子上游–連接元件,778,0,0,0
5395,圓方,電子–光電,軟體–系統整合,339,0,0,0
5398,力瑋,電子–電子零組件,電子上游–連接元件,418,0,0,0
5403,中菲,電子–資訊服務,軟體–系統整合,562,0,0,0
5410,國眾,電子–資訊服務,電子下游–資訊通路,897,0,0,0
5425,台半,電子–半導體,電子上游–LED及光元件,2440,0,0,0
5426,振發,電子–電腦及週邊設備,電子中游–機殼,1438,0,0,0
5432,達威,電子–光電,電子中游–LCD–零組件,207,0,0,0
5434,崇越,電子–電子通路,電子上游–IC通路,1491,0,0,0
5438,東友,電子–電腦及週邊設備,電子下游–其他,1125,0,0,0
5439,高技,電子–電子零組件,電子上游–PCB製造,780,0,0,0
5443,均豪,電子–光電,電子上游–IC其他,1788,0,0,0
5450,寶聯通,電子–電腦及週邊設備,電子中游–PC介面卡,504,0,0,0
5452,佶優,電子–其他電子,電子中游–其他,1417,0,0,0
5455,訊利電,電子–半導體,電子上游–IC其他,367,0,0,0
5457,宣德,電子–電子零組件,電子上游–連接元件,1368,0,0,0
5460,同協,電子–電子零組件,電子上游–連接元件,720,0,0,0
5464,霖宏,電子–電子零組件,電子上游–PCB製造,601,0,0,0
5465,富驊,電子–電腦及週邊設備,電子中游–機殼,1552,0,0,0
5466,泰林,電子–半導體,電子上游–IC封測,2442,0,0,0
5467,聯福生,電子–電子通路,電子上游–IC通路,1112,0,0,0
5468,凱鈺,電子–半導體,電子上游–IC設計,449,0,0,0
5469,瀚宇博,電子–電子零組件,電子上游–PCB製造,4579,0,0,0
5471,松翰,電子–半導體,電子上游–IC設計,1679,0,0,0
5474,聰泰,電子–電腦及週邊設備,電子中游–PC介面卡,337,0,0,0
5475,德宏,電子–電子零組件,電子上游–PCB材料設備,2147,0,0,0
5478,智冠,電子–資訊服務,軟體–遊戲,1275,0,0,0
5480,統盟,電子–電子零組件,電子上游–PCB製造,1991,0,0,0
5481,華韡,電子–電子零組件,電子上游–PCB材料設備,973,0,0,0
5483,中美晶,電子–半導體,電子下游–太陽能,5231,0,0,0
5484,慧友,電子–光電,電子下游–安全監控,1185,0,0,0
5487,通泰,電子–半導體,電子上游–IC設計,222,0,0,0
5488,松普,電子–電子零組件,電子上游–連接元件,916,0,0,0
5489,彩富,電子–其他電子,電子下游–安全監控,1042,0,0,0
5490,同亨,電子–電腦及週邊設備,電子下游–商業自動化,944,0,0,0
5491,連展,電子–電子零組件,電子上游–連接元件,1949,0,0,0
5493,三聯,電子–其他電子,電子中游–儀器設備工程,383,0,0,0
5498,凱崴,電子–電子零組件,電子上游–PCB材料設備,1620,0,0,0
5505,和旺,建材營建,傳產–營建,1848,0,0,0
5506,長鴻,建材營建,傳產–營建,1525,0,0,0
5508,永信建,建材營建,傳產–營建,1812,0,0,1
5511,德昌,建材營建,傳產–營建,1184,0,0,0
5512,力麒,建材營建,傳產–營建,6456,0,0,0
5514,三豐,建材營建,傳產–營建,1336,0,0,0
5515,建國,建材營建,傳產–營建,3601,0,0,0
5516,雙喜,建材營建,傳產–營建,383,0,0,0
5519,隆大,建材營建,傳產–營建,1200,0,0,0
5520,力泰,建材營建,傳產–營建,710,0,0,0
5521,工信,建材營建,傳產–營建,3475,0,0,0
5522,遠雄,建材營建,傳產–營建,7714,0,1,0
5523,宏都,建材營建,傳產–營建,1767,0,0,0
5525,順天,建材營建,傳產–營建,2339,0,0,0
5529,志嘉,建材營建,傳產–營建,533,0,0,0
5530,龍巖,其他,傳產–其他,3991,0,0,0
5531,鄉林,建材營建,傳產–營建,5609,0,0,0
5533,皇鼎,建材營建,傳產–營建,2270,0,0,0
5534,長虹,建材營建,傳產–營建,2481,0,0,0
5536,聖暉,電子–其他電子,傳產–電線電纜,461,0,0,0
5601,台聯,航運業,傳產–航運業,720,0,0,0
5603,陸海,航運業,傳產–航運業,629,0,0,0
5604,中連貨,航運業,傳產–航運業,1088,0,0,0
5607,遠雄港,航運業,傳產–航運業,1700,0,0,0
5608,四維航,航運業,傳產–航運業,3664,0,0,0
5609,中菲行,航運業,傳產–航運業,1350,0,0,0
5701,劍湖山,觀光事業,傳產–觀光,4714,0,0,0
5703,亞都,觀光事業,傳產–觀光,702,0,0,0
5704,老爺知,觀光事業,傳產–觀光,389,0,0,0
5706,鳳凰,觀光事業,傳產–觀光,611,0,0,0
5820,日盛金,金融保險,金融–金控,29453,0,0,0
5871,F-中租,其他,傳產–其他,9053,0,1,0
5880,合庫金,金融保險,金融–金控,81266,1,0,0
5902,德記,貿易百貨,傳產–百貨,945,0,0,0
5903,全家,貿易百貨,傳產–百貨,2232,0,0,0
5904,寶雅,貿易百貨,傳產–百貨,916,0,0,0
5905,南仁湖,貿易百貨,傳產–百貨,2114,0,0,0
5906,F-台南,貿易百貨,傳產–百貨,963,0,0,0
5907,F-大洋,貿易百貨,傳產–百貨,2020,0,0,0
6005,群益證,金融保險,金融–證券,23691,0,1,0
6008,0,0,0,0,0,0,0
6015,宏遠證,金融保險,金融–證券,4568,0,0,0
6016,康和證,金融保險,金融–證券,6918,0,0,0
6020,大展證,金融保險,金融–證券,2326,0,0,0
6021,大慶證,金融保險,金融–證券,3068,0,0,0
6022,大眾證,金融保險,金融–證券,3778,0,0,0
6023,元大期,金融保險,金融–證券,2323,0,0,0
6024,群益期,金融保險,金融–證券,922,0,0,0
6101,弘捷,電子–電子零組件,電子上游–PCB製造,571,0,0,0
6103,合邦,電子–半導體,電子上游–IC設計,852,0,0,0
6104,創惟,電子–半導體,電子上游–IC設計,865,0,0,0
6105,瑞傳,電子–電腦及週邊設備,電子下游–工業電腦,1020,0,0,0
6107,華美,電子–電子零組件,電子中游–電源供應器,590,0,0,0
6108,競國,電子–電子零組件,電子上游–PCB製造,1599,0,0,0
6109,亞元,電子–通信網路,電子中游–電源供應器,727,0,0,0
6111,大宇資,電子–資訊服務,軟體–遊戲,369,0,0,0
6112,聚碩,電子–資訊服務,軟體–系統整合,794,0,0,0
6113,亞矽,電子–電子通路,電子上游–IC通路,556,0,0,0
6114,翔昇,電子–電子零組件,電子上游–PCB製造,462,0,0,0
6115,鎰勝,電子–電子零組件,電子上游–連接元件,1640,0,0,0
6116,彩晶,電子–光電,電子中游–LCD–TFT面板,29292,0,0,0
6117,迎廣,電子–電腦及週邊設備,電子中游–機殼,886,0,0,0
6118,建達,電子–電子通路,電子下游–資訊通路,909,0,0,0
6120,輔祥,電子–光電,電子中游–LCD–零組件,4817,0,0,0
6121,新普,電子–電腦及週邊設備,電子中游–NB與手機零組件,3083,0,0,0
6122,擎邦,電機機械,電子中游–儀器設備工程,687,0,0,0
6123,上奇,電子–電腦及週邊設備,電子下游–資訊通路,483,0,0,0
6124,業強,電子–電子零組件,電子上游–IC其他,1825,0,0,0
6125,廣運,電子–光電,電子中游–儀器設備工程,2520,0,0,0
6126,信音,電子–電子零組件,電子上游–連接元件,1137,0,0,0
6127,九豪,電子–電子零組件,電子上游–被動元件,850,0,0,0
6128,上福,電子–電腦及週邊設備,電子中游–其他,911,0,0,0
6129,普誠,電子–半導體,電子上游–IC設計,1809,0,0,0
6130,基因,生技醫療,傳產–生技,267,0,0,0
6131,悠克,電子–光電,電子下游–安全監控,1000,0,0,0
6133,金橋,電子–電子零組件,電子上游–連接元件,1033,0,0,0
6134,萬旭,電子–電子零組件,電子上游–連接元件,827,0,0,0
6135,佳營,電子–電子通路,電子上游–IC通路,762,0,0,0
6136,富爾特,電子–通信網路,電子下游–資訊通路,1155,0,0,0
6138,茂達,電子–半導體,電子上游–IC設計,1302,0,0,0
6139,亞翔,電子–其他電子,電子中游–儀器設備工程,1883,0,0,0
6140,訊達,電子–資訊服務,軟體–系統整合,384,0,0,0
6141,柏承,電子–電子零組件,電子上游–PCB製造,1355,0,0,0
6142,友勁,電子–通信網路,電子中游–網通,2725,0,0,0
6143,振曜,電子–通信網路,電子中游–網通,818,0,0,0
6144,得利影,電子–其他電子,電子下游–資訊通路,731,0,0,0
6145,勁永,電子–半導體,電子上游–DRAM銷售,3255,0,0,0
6146,耕興,電子–其他電子,電子上游–IC封測,814,0,0,0
6147,頎邦,電子–半導體,電子上游–IC封測,5945,0,0,0
6148,驊宏資,電子–資訊服務,軟體–系統整合,880,0,0,0
6150,撼訊,電子–電腦及週邊設備,電子中游–PC介面卡,702,0,0,0
6151,晉倫,電子–其他電子,電子上游–IC通路,516,0,0,0
6152,百一,電子–通信網路,電子中游–通訊設備,1627,0,0,0
6153,嘉聯益,電子–電子零組件,電子上游–PCB製造,3247,0,0,0
6154,順發,電子–電子通路,電子下游–資訊通路,801,0,0,0
6155,鈞寶,電子–電子零組件,電子上游–被動元件,818,0,0,0
6156,松上,電子–光電,電子中游–LCD–零組件,827,0,0,0
6158,禾昌,電子–電子零組件,電子上游–連接元件,1147,0,0,0
6160,欣技,電子–電腦及週邊設備,電子下游–商業自動化,710,0,0,0
6161,捷波,電子–電腦及週邊設備,電子中游–主機板,1208,0,0,0
6163,華電網,電子–通信網路,軟體–系統整合,1031,0,0,0
6164,華興,電子–光電,電子上游–LED及光元件,1283,0,0,0
6165,捷泰,電子–電子零組件,電子上游–連接元件,950,0,0,0
6166,凌華,電子–電腦及週邊設備,電子下游–工業電腦,1707,0,0,0
6167,久正,電子–光電,電子中游–LCD–STN面板,1622,0,0,0
6168,宏齊,電子–光電,電子上游–LED及光元件,2052,0,0,0
6169,昱泉,電子–資訊服務,軟體–遊戲,284,0,0,0
6170,統振,電子–通信網路,電子下游–資訊通路,950,0,0,0
6171,亞銳士,電子–電子通路,電子上游–IC通路,274,0,0,0
6172,互億,電子–電腦及週邊設備,電子中游–網通,466,0,0,0
6173,信昌電,電子–電子零組件,電子上游–被動元件,1861,0,0,0
6174,安,電子–電子零組件,電子上游–被動元件,500,0,0,0
6175,立敦,電子–電子零組件,電子上游–被動元件,1146,0,0,0
6176,瑞儀,電子–光電,電子中游–LCD–零組件,4515,0,1,0
6177,達麗,建材營建,傳產–營建,1317,0,0,0
6179,世仰,電子–其他電子,電子中游–PC介面卡,559,0,0,0
6180,橘子,電子–資訊服務,軟體–遊戲,1568,0,0,0
6182,合晶,電子–半導體,電子下游–太陽能,2868,0,0,0
6183,關貿,電子–資訊服務,軟體–其他,1500,0,0,0
6184,大豐電,其他,電子中游–通訊設備,771,0,0,0
6185,幃翔,電子–電子零組件,電子上游–連接元件,987,0,0,0
6186,新潤,其他,電子上游–IC設計,572,0,0,0
6187,萬潤,電子–其他電子,電子上游–IC其他,802,0,0,0
6188,廣明,電子–電腦及週邊設備,電子下游–光碟機,2784,0,0,0
6189,豐藝,電子–電子通路,電子上游–IC通路,1790,0,0,0
6190,萬泰科,電子–通信網路,電子上游–連接元件,1253,0,0,0
6191,精成科,電子–電子零組件,電子上游–PCB製造,5315,0,0,0
6192,巨路,電子–其他電子,電子上游–PCB材料設備,1187,0,0,0
6194,育富,電子–電子零組件,電子上游–PCB製造,1068,0,0,0
6195,詩肯,貿易百貨,傳產–百貨,399,0,0,0
6196,帆宣,電子–其他電子,電子中游–儀器設備工程,1646,0,0,0
6197,佳必琪,電子–其他電子,電子上游–連接元件,1734,0,0,0
6198,凌泰,電子–半導體,電子上游–IC設計,348,0,0,0
6199,精威,電子–電腦及週邊設備,電子中游–NB與手機零組件,633,0,0,0
6201,亞弘電,電子–其他電子,電子下游–消費電子,892,0,0,0
6202,盛群,電子–半導體,電子上游–IC設計,2236,0,0,0
6203,海韻電,電子–電子零組件,電子中游–電源供應器,761,0,0,0
6204,艾華,電子–電子零組件,電子上游–被動元件,361,0,0,0
6205,詮欣,電子–電子零組件,電子上游–連接元件,718,0,0,0
6206,飛捷,電子–電腦及週邊設備,電子下游–商業自動化,1003,0,0,0
6207,雷科,電子–電子零組件,電子中游–通訊設備,831,0,0,0
6208,日揚,電子–電子零組件,電子中游–儀器設備工程,1151,0,0,0
6209,今國光,電子–光電,電子中游–光學鏡片,1626,0,0,0
6210,慶生,電子–電子零組件,電子上游–PCB製造,350,0,0,0
6211,福登,電子–電子零組件,電子上游–連接元件,416,0,0,0
6212,理銘,建材營建,傳產–營建,1020,0,0,0
6213,聯茂,電子–電子零組件,電子上游–PCB材料設備,3324,0,0,0
6214,精誠,電子–資訊服務,軟體–系統整合,2598,0,0,0
6215,和椿,電子–其他電子,軟體–系統整合,828,0,0,0
6216,居易,電子–通信網路,電子中游–網通,747,0,0,0
6217,中探針,電子–電子零組件,電子上游–PCB材料設備,480,0,0,0
6218,豪勉,電子–通信網路,軟體–系統整合,643,0,0,0
6219,富旺,建材營建,傳產–營建,1566,0,0,0
6220,岳豐,電子–電子零組件,電子中游–網通,1108,0,0,0
6221,晉泰,電子–資訊服務,軟體–系統整合,360,0,0,0
6222,上揚,電子–電腦及週邊設備,電子下游–顯示器,561,0,0,0
6223,旺矽,電子–半導體,電子上游–IC其他,786,0,0,0
6224,聚鼎,電子–電子零組件,電子上游–被動元件,798,0,0,0
6225,天瀚,電子–光電,電子下游–數位相機,629,0,0,0
6226,光鼎,電子–光電,電子上游–LED及光元件,910,0,0,0
6227,茂綸,電子–電子通路,電子上游–IC通路,761,0,0,0
6228,全譜,電子–電腦及週邊設備,電子下游–掃描器,411,0,0,0
6229,研通,電子–半導體,電子上游–IC設計,358,0,0,0
6230,超眾,電子–電腦及週邊設備,電子中游–NB與手機零組件,863,0,0,0
6231,系微,電子–資訊服務,電子上游–IC其他,379,0,0,0
6233,旺玖,電子–半導體,電子上游–IC設計,873,0,0,0
6234,高僑,電子–光電,電子上游–PCB材料設備,714,0,0,0
6235,華孚,電子–電腦及週邊設備,電子中游–NB與手機零組件,1615,0,0,0
6236,凌越,電子–半導體,電子上游–IC設計,67,0,0,0
6237,驊訊,電子–半導體,電子上游–IC設計,770,0,0,0
6238,勝麗,電子–其他電子,電子下游–資訊通路,206,0,0,0
6239,力成,電子–半導體,電子上游–IC封測,7791,0,1,0
6240,松崗,電子–資訊服務,電子下游–資訊通路,627,0,0,0
6241,易通展,電子–通信網路,電子中游–網通,237,0,0,0
6242,亨豐,電子–電子零組件,電子上游–連接元件,187,0,0,0
6243,迅杰,電子–半導體,電子上游–IC設計,753,0,0,0
6244,茂迪,電子–光電,電子下游–太陽能,4374,0,0,0
6245,立端,電子–通信網路,電子下游–工業電腦,724,0,0,0
6246,臺龍,電子–光電,電子中游–變壓器與UPS,1777,0,0,0
6247,淇譽電,電子–其他電子,電子下游–消費電子,603,0,0,0
6248,沛波,電子–電子零組件,電子中游–變壓器與UPS,289,0,0,0
6250,宇加,電子–電子零組件,電子上游–被動元件,182,0,0,0
6251,定穎,電子–電子零組件,電子上游–PCB製造,2935,0,0,0
6257,矽格,電子–半導體,電子上游–IC封測,3664,0,0,0
6259,百徽,電子–電子通路,電子上游–IC通路,481,0,0,0
6261,久元,電子–半導體,電子上游–IC封測,1142,0,0,0
6263,普萊德,電子–通信網路,電子中游–網通,582,0,0,0
6264,德士通,建材營建,傳產–營建,1376,0,0,0
6265,方土昶,電子–電子通路,電子上游–連接元件,1217,0,0,0
6266,泰詠,電子–電子零組件,電子上游–PCB材料設備,771,0,0,0
6269,台郡,電子–電子零組件,電子上游–PCB製造,1906,0,1,0
6270,倍微,電子–電子通路,電子上游–IC通路,737,0,0,0
6271,同欣電,電子–半導體,電子上游–IC封測,1629,0,0,0
6274,台燿,電子–電子零組件,電子上游–PCB材料設備,2376,0,0,0
6275,元山,電子–其他電子,電子下游–消費電子,476,0,0,0
6276,安鈦克,電子–其他電子,電子中游–其他,396,0,0,0
6277,宏正,電子–電腦及週邊設備,電子下游–其他,1195,0,0,0
6278,台表科,電子–光電,電子上游–PCB製造,2572,0,0,0
6279,胡連,電子–電子零組件,電子上游–連接元件,884,0,0,0
6281,全國電,電子–電子通路,電子下游–消費電子,992,0,0,0
6282,康舒,電子–電子零組件,電子中游–電源供應器,5150,0,0,0
6283,淳安,電子–通信網路,電子中游–NB與手機零組件,1049,0,0,0
6284,佳邦,電子–電子零組件,電子中游–變壓器與UPS,993,0,0,0
6285,啟,電子–通信網路,電子中游–通訊設備,3037,0,0,0
6286,立錡,電子–半導體,電子上游–IC設計,1495,0,1,0
6287,元隆,電子–半導體,電子上游–IC製造,1701,0,0,0
6289,華上,電子–光電,電子上游–LED及光元件,2693,0,0,0
6290,良維,電子–電子零組件,電子上游–連接元件,1223,0,0,0
6291,沛亨,電子–半導體,電子上游–IC設計,488,0,0,0
6292,迅德,電子–電子零組件,電子中游–變壓器與UPS,469,0,0,0
6294,智基,其他,傳產–其他,154,0,0,0
6298,崴強,電子–電腦及週邊設備,電子下游–數位相機,1689,0,0,0
6505,台塑化,油電燃氣,傳產–塑膠,95260,1,0,0
6506,雙邦,化學工業,傳產–化學工業,641,0,0,0
6508,惠光,塑膠工業,傳產–塑膠,744,0,0,0
6509,聚和,化學工業,傳產–化學工業,1681,0,0,0
6603,富強鑫,電機機械,傳產–電機,1120,0,0,0
6605,帝寶,電機機械,傳產–汽車零組件,1658,0,0,0
6609,瀧澤科,電機機械,傳產–電機,710,0,0,0
6702,復航,航運業,傳產–航運業,5542,0,0,0
6803,崑鼎,其他,傳產–其他,604,0,0,0
8008,建興電,電子–電腦及週邊設備,電子下游–光碟機,9172,0,1,0
8011,台通,電子–通信網路,電子中游–網通,791,0,0,0
8016,矽創,電子–半導體,電子上游–IC設計,1181,0,0,0
8021,尖點,電子–其他電子,電子上游–PCB材料設備,1567,0,0,0
8024,佑華,電子–半導體,電子上游–IC設計,500,0,0,0
8032,光菱,電子–電子通路,電子上游–IC通路,518,0,0,0
8033,雷虎,其他,電子下游–消費電子,865,0,0,0
8034,榮群,電子–通信網路,電子中游–通訊設備,629,0,0,0
8039,台虹,電子–電子零組件,電子上游–PCB製造,2025,0,0,0
8040,九暘,電子–半導體,電子上游–IC設計,866,0,0,0
8042,金山電,電子–電子零組件,電子上游–被動元件,1064,0,0,0
8043,蜜望實,電子–電子零組件,電子上游–被動元件,918,0,0,0
8044,網家,電子–資訊服務,軟體–其他,821,0,0,0
8046,南電,電子–電子零組件,電子上游–PCB製造,6462,0,1,0
8047,星雲,電子–其他電子,電子下游–其他,508,0,0,0
8048,德勝,電子–通信網路,電子中游–通訊設備,503,0,0,0
8049,晶采,電子–光電,電子中游–LCD–STN面板,1089,0,0,0
8050,廣積,電子–電腦及週邊設備,電子下游–工業電腦,843,0,0,0
8053,巨擘,電子–光電,電子下游–光碟片,4118,0,0,0
8054,安國,電子–半導體,電子上游–IC設計,826,0,0,0
8059,凱碩,電子–通信網路,電子中游–通訊設備,926,0,0,0
8064,東捷,電子–光電,電子中游–儀器設備工程,1321,0,0,0
8066,來思達,電子–半導體,電子上游–IC封測,256,0,0,0
8067,志旭,電子–電子通路,電子下游–資訊通路,448,0,0,0
8068,全達,電子–電子通路,電子上游–IC通路,307,0,0,0
8069,元太,電子–光電,電子中游–LCD–TFT面板,10806,0,0,0
8070,長華,電子–電子通路,電子上游–IC通路,722,0,0,0
8071,能率豐,電子–光電,電子下游–光碟片,338,0,0,0
8072,陞泰,電子–光電,電子下游–安全監控,1000,0,0,0
8074,鉅橡,電子–電子零組件,電子上游–PCB材料設備,534,0,0,0
8076,伍豐,電子–電腦及週邊設備,電子下游–商業自動化,1736,0,0,0
8077,冠華,電子–光電,電子下游–顯示器,1096,0,0,0
8078,華寶,電子–通信網路,電子下游–手機製造,6077,0,1,0
8079,誠遠,電子–半導體,電子上游–IC封測,802,0,0,0
8080,奧斯特,電子–電子零組件,電子上游–被動元件,600,0,0,0
8081,致新,電子–半導體,電子上游–IC設計,862,0,0,0
8082,眾星,電子–通信網路,電子中游–網通,566,0,0,0
8083,瑞穎,電機機械,電子中游–其他,301,0,0,0
8084,巨虹,電子–半導體,電子上游–IC通路,404,0,0,0
8085,福華,電子–其他電子,電子中游–LCD–零組件,1573,0,0,0
8086,宏捷科,電子–半導體,電子上游–IC代工,1355,0,0,0
8087,華鎂鑫,電子–光電,電子下游–光碟片,299,0,0,0
8088,品安,電子–半導體,電子上游–DRAM銷售,566,0,0,0
8091,翔名,電子–電子零組件,電子上游–IC通路,454,0,0,0
8092,建暐,電子–其他電子,電子中游–儀器設備工程,302,0,0,0
8093,保銳,電子–電子零組件,電子中游–變壓器與UPS,642,0,0,0
8096,擎亞,電子–電子通路,電子上游–IC設計,1162,0,0,0
8097,鴻松,電子–通信網路,電子上游–連接元件,137,0,0,0
8099,大世科,電子–資訊服務,軟體–系統整合,672,0,0,0
8101,華冠,電子–通信網路,電子下游–手機製造,4113,0,0,0
8103,瀚荃,電子–電子零組件,電子上游–連接元件,740,0,0,0
8105,凌巨,電子–光電,電子中游–LCD–STN面板,4415,0,0,0
8107,大億科,電子–光電,電子中游–LCD–零組件,1608,0,0,0
8109,博大,電子–電子零組件,電子中游–電源供應器,600,0,0,0
8110,華東,電子–半導體,電子上游–IC封測,5027,0,0,0
8111,立,電子–光電,電子上游–LED及光元件,1463,0,0,0
8112,至上,電子–電子通路,電子上游–IC通路,1737,0,0,0
8114,振樺電,電子–電腦及週邊設備,電子下游–商業自動化,628,0,0,0
8121,越峰,電子–電子零組件,電子上游–被動元件,1815,0,0,0
8131,福懋科,電子–半導體,電子上游–IC封測,4422,0,0,0
8163,達方,電子–電子零組件,電子中游–LCD–零組件,3189,0,0,0
8171,天宇,電子–通信網路,電子中游–NB與手機零組件,410,0,0,0
8182,加高,電子–電子零組件,電子上游–被動元件,1070,0,0,0
8183,精星,電子–其他電子,電子中游–其他,1161,0,0,0
8199,廣鎵(下市),0,0,0,0,0,0
8201,無敵,電子–其他電子,電子下游–消費電子,891,0,0,0
8210,勤誠,電子–電腦及週邊設備,電子中游–機殼,1201,0,0,0
8213,志超,電子–電子零組件,電子上游–PCB製造,2513,0,0,0
8215,明基材,電子–光電,電子中游–LCD–零組件,3207,0,0,0
8234,新漢,電子–電腦及週邊設備,電子下游–工業電腦,1111,0,0,0
8240,華宏,電子–光電,電子中游–LCD–零組件,1000,0,0,0
8249,菱光,電子–電子零組件,電子下游–數位相機,1271,0,0,0
8255,朋程,電機機械,電子上游–LED及光元件,749,0,0,0
8261,富鼎,電子–半導體,電子上游–IC設計,1409,0,0,0
8266,中日新,電子–光電,電子中游–LCD–零組件,520,0,0,0
8271,宇瞻,電子–半導體,電子上游–DRAM銷售,1314,0,0,0
8277,商丞,電子–半導體,電子上游–DRAM銷售,929,0,0,0
8287,英格爾,電子–電子零組件,電子中游–電源供應器,1333,0,0,0
8289,泰藝,電子–電子零組件,電子上游–被動元件,775,0,0,0
8291,尚茂,電子–電子零組件,電子上游–PCB材料設備,760,0,0,0
8299,群聯,電子–電腦及週邊設備,電子上游–IC設計,1800,0,0,0
8349,友信,鋼鐵工業,傳產–鋼鐵,720,0,0,0
8354,冠郝,塑膠工業,傳產–塑膠,556,0,0,0
8358,金居,電子–電子零組件,電子上游–PCB材料設備,2117,0,0,0
8374,羅昇,電機機械,傳產–電機,876,0,0,0
8383,千附,電子–其他電子,電子中游–儀器設備工程,1182,0,0,0
8390,金益鼎,其他,傳產–其他,728,0,0,0
8401,白紗科,其他,傳產–其他,445,0,0,0
8403,盛弘,生技醫療,傳產–生技,517,0,0,0
8404,F-百和,其他,傳產–其他,2293,0,0,0
8406,F-金可,生技醫療,傳產–生技,900,0,0,0
8410,森田,電子–電腦及週邊設備,電子中游–其他,366,0,0,0
8411,F-福貞,其他,傳產–其他,763,0,0,0
8418,F-必勝,其他,傳產–其他,609,0,0,0
8422,可寧衛,其他,傳產–其他,1089,0,1,0
8423,F-保綠,其他,傳產–橡膠,170,0,0,0
8426,F-紅木,其他,傳產–其他,420,0,0,0
8427,F-基勝,其他,傳產–其他,1080,0,0,0
8432,東生華,生技醫療,傳產–生技,349,0,0,0
8705,東隆五金(下櫃),0,0,0,0,0,0
8905,裕國,其他,傳產–食品業,1194,0,0,0
8906,花王,其他,傳產–其他,513,0,0,0
8908,欣雄,油電燃氣,傳產–其他,964,0,0,0
8913,華夏資,其他,傳產–營建,497,0,0,0
8916,光隆,其他,傳產–其他,896,0,0,0
8917,欣泰,油電燃氣,傳產–其他,1186,0,0,0
8921,沈氏,其他,傳產–其他,466,0,0,0
8923,時報,其他,傳產–其他,304,0,0,0
8924,大田,其他,傳產–高爾夫球,1213,0,0,0
8925,偉盟,其他,傳產–營建,2862,0,0,0
8926,台汽電,油電燃氣,傳產–其他,5890,0,0,0
8927,北基,油電燃氣,傳產–其他,1173,0,0,0
8928,鉅明,其他,傳產–高爾夫球,636,0,0,0
8929,富堡,其他,傳產–其他,273,0,0,0
8930,青鋼,鋼鐵工業,傳產–鋼鐵,570,0,0,0
8931,大汽電,油電燃氣,傳產–其他,1066,0,0,0
8932,宏大,其他,傳產–其他,488,0,0,0
8933,愛地雅,其他,傳產–其他,1349,0,0,0
8934,衡平,其他,傳產–汽車零組件,60,0,0,0
8935,邦泰,其他,電子中游–LCD–零組件,2019,0,0,0
8936,國統,其他,傳產–營建,1736,0,0,0
8937,合騏,其他,傳產–其他,725,0,0,0
8938,明安,其他,傳產–高爾夫球,1343,0,0,0
8940,新天地,觀光事業,傳產–觀光,675,0,0,0
8941,關中,貿易百貨,傳產–其他,1308,0,0,0
8942,森鉅,其他,傳產–其他,1447,0,0,0
8996,高力,電機機械,傳產–電機,699,0,0,0
910069,新曄,存託憑證,電子上游–IC通路,25,0,0,0
9103,美德醫,存託憑證,傳產–其他,206,0,0,0
910322,康師傅,存託憑證,傳產–食品業,46,0,0,0
910482,聖馬丁,存託憑證,電子中游–通訊設備,251,0,0,0
9105,泰金寶,存託憑證,傳產–其他,739,0,0,0
910579,歐聖,存託憑證,傳產–其他,289,0,0,0
9106,新焦點,存託憑證,傳產–其他,90,0,0,0
910708,新傳媒,存託憑證,軟體–其他,102,0,0,0
910801,金衛,存託憑證,傳產–生技,176,0,0,0
910861,神州,存託憑證,電子下游–資訊通路,22,0,0,0
910948,Z-OBEE,存託憑證,電子中游–NB與手機零組件,65,0,0,0
9110,越南控,存託憑證,傳產–汽車零組件,103,0,0,0
911201,僑威控,存託憑證,傳產–其他,44,0,0,0
911602,華豐泰,存託憑證,傳產–橡膠,63,0,0,0
911606,超級集團(下市),0,0,0,0,0,0
911608,明輝,存託憑證,傳產–其他,29,0,0,0
911609,揚子江,存託憑證,傳產–航運業,37,0,0,0
911610,聯環,存託憑證,傳產–其他,21,0,0,0
911611,中泰山,存託憑證,傳產–紡織纖維,203,0,0,0
911612,滬安,存託憑證,傳產–電線電纜,178,0,0,0
911613,特藝,存託憑證,傳產–其他,22,0,0,0
911616,杜康,存託憑證,傳產–食品業,118,0,0,0
911619,HISAKA,存託憑證,傳產–電機,45,0,0,0
911622,泰聚亨,存託憑證,傳產–鋼鐵,60,0,0,0
911626,MSH,存託憑證,傳產–其他,54,0,0,0
911868,真明麗,存託憑證,電子上游–LED及光元件,64,0,0,0
912000,晨訊科,存託憑證,電子中游–網通,160,0,0,0
912398,友佳,存託憑證,傳產–電機,45,0,0,0
9136,巨騰,存託憑證,電子中游–機殼,160,0,0,0
913889,大成糖,存託憑證,傳產–食品業,135,0,0,0
9151,旺旺,存託憑證,傳產–食品業,17,0,0,0
9157,陽光能,存託憑證,電子下游–太陽能,103,0,0,0
9188,精熙,存託憑證,電子下游–數位相機,80,0,0,0
9902,台火,其他,傳產–其他,980,0,0,0
9904,寶成,其他,傳產–其他,29432,1,1,1
9905,大華,其他,傳產–其他,3050,0,0,0
9906,興達,其他,傳產–其他,310,0,0,0
9907,統一實,其他,傳產–其他,15791,0,1,0
9908,大台北,油電燃氣,傳產–其他,5164,0,0,0
9910,豐泰,其他,傳產–其他,5353,0,0,0
9911,櫻花,其他,傳產–其他,2764,0,0,0
9912,偉聯,電子–電腦及週邊設備,電子下游–顯示器,461,0,0,0
9914,美利達,其他,傳產–其他,2847,0,1,0
9917,中保,其他,傳產–其他,4445,0,1,1
9918,欣天然,油電燃氣,傳產–其他,1805,0,0,0
9919,康那香,其他,傳產–其他,1971,0,0,0
9921,巨大,其他,傳產–其他,3751,0,1,0
9924,福興,其他,傳產–其他,1885,0,0,0
9925,新保,其他,傳產–其他,3799,0,0,1
9926,新海,油電燃氣,傳產–其他,1513,0,0,0
9927,泰銘,其他,傳產–鋼鐵,2040,0,0,0
9928,中視,其他,傳產–其他,1327,0,0,0
9929,秋雨,其他,傳產–其他,1492,0,0,0
9930,中聯資,其他,傳產–其他,2259,0,0,0
9931,欣高,油電燃氣,傳產–其他,947,0,0,0
9933,中鼎,其他,傳產–其他,7320,0,1,0
9934,成霖,其他,傳產–其他,3011,0,0,0
9935,慶豐富,其他,傳產–其他,1190,0,0,0
9937,全國,油電燃氣,傳產–其他,3090,0,0,0
9938,百和,其他,傳產–其他,2980,0,0,0
9939,宏全,其他,傳產–其他,2598,0,0,0
9940,信義,其他,傳產–其他,4656,0,1,0
9941,裕融,其他,傳產–其他,2358,0,0,0
9942,茂順,其他,傳產–汽車零組件,832,0,0,0
9943,好樂迪,其他,傳產–其他,1473,0,0,0
9944,新麗,其他,傳產–其他,1007,0,0,0
9945,潤泰新,其他,傳產–其他,9996,0,1,0
9946,三發,建材營建,傳產–其他,2015,0,0,0
9949,琉園,其他,傳產–其他,490,0,0,0
9950,萬國通,塑膠工業,傳產–塑膠,445,0,0,0
9951,皇田,電機機械,傳產–汽車零組件,749,0,0,0
9955,佳龍,其他,傳產–其他,1068,0,0,0
9958,世紀鋼,鋼鐵工業,傳產–鋼鐵,1382,0,0,0
9960,邁達康,貿易百貨,傳產–高爾夫球,336,0,0,0
9962,有益,鋼鐵工業,傳產–鋼鐵,902,0,0,0
